01/Jan/2021:18:00:00,260
01/Jan/2021:19:00:00,0
01/Jan/2021:20:00:00,0
01/Jan/2021:21:00:00,0
01/Jan/2021:22:00:00,0
01/Jan/2021:23:00:00,0
02/Jan/2021:00:00:00,0
02/Jan/2021:01:00:00,0
02/Jan/2021:02:00:00,0
02/Jan/2021:03:00:00,0
02/Jan/2021:04:00:00,0
02/Jan/2021:05:00:00,0
02/Jan/2021:06:00:00,0
02/Jan/2021:07:00:00,0
02/Jan/2021:08:00:00,0
02/Jan/2021:09:00:00,0
02/Jan/2021:10:00:00,0
02/Jan/2021:11:00:00,0
02/Jan/2021:12:00:00,0
02/Jan/2021:13:00:00,0
02/Jan/2021:14:00:00,0
02/Jan/2021:15:00:00,0
02/Jan/2021:16:00:00,0
02/Jan/2021:17:00:00,0
02/Jan/2021:18:00:00,0
02/Jan/2021:19:00:00,0
02/Jan/2021:20:00:00,0
02/Jan/2021:21:00:00,0
02/Jan/2021:22:00:00,0
02/Jan/2021:23:00:00,0
03/Jan/2021:00:00:00,0
03/Jan/2021:01:00:00,0
03/Jan/2021:02:00:00,0
03/Jan/2021:03:00:00,0
03/Jan/2021:04:00:00,0
03/Jan/2021:05:00:00,0
03/Jan/2021:06:00:00,0
03/Jan/2021:07:00:00,0
03/Jan/2021:08:00:00,0
03/Jan/2021:09:00:00,0
03/Jan/2021:10:00:00,0
03/Jan/2021:11:00:00,0
03/Jan/2021:12:00:00,0
03/Jan/2021:13:00:00,0
03/Jan/2021:14:00:00,0
03/Jan/2021:15:00:00,0
03/Jan/2021:16:00:00,0
03/Jan/2021:17:00:00,0
03/Jan/2021:18:00:00,0
03/Jan/2021:19:00:00,0
03/Jan/2021:20:00:00,0
03/Jan/2021:21:00:00,0
03/Jan/2021:22:00:00,0
03/Jan/2021:23:00:00,0
04/Jan/2021:00:00:00,0
04/Jan/2021:01:00:00,0
04/Jan/2021:02:00:00,0
04/Jan/2021:03:00:00,0
04/Jan/2021:04:00:00,0
04/Jan/2021:05:00:00,0
04/Jan/2021:06:00:00,0
04/Jan/2021:07:00:00,0
04/Jan/2021:08:00:00,0
04/Jan/2021:09:00:00,0
04/Jan/2021:10:00:00,0
04/Jan/2021:11:00:00,0
04/Jan/2021:12:00:00,0
04/Jan/2021:13:00:00,0
04/Jan/2021:14:00:00,0
04/Jan/2021:15:00:00,0
04/Jan/2021:16:00:00,0
04/Jan/2021:17:00:00,0
04/Jan/2021:18:00:00,0
04/Jan/2021:19:00:00,0
04/Jan/2021:20:00:00,0
04/Jan/2021:21:00:00,1
04/Jan/2021:22:00:00,155
04/Jan/2021:23:00:00,4
05/Jan/2021:00:00:00,1
05/Jan/2021:01:00:00,19
05/Jan/2021:02:00:00,1018
05/Jan/2021:03:00:00,0
05/Jan/2021:04:00:00,0
05/Jan/2021:05:00:00,40
05/Jan/2021:06:00:00,20
05/Jan/2021:07:00:00,10
05/Jan/2021:08:00:00,124
05/Jan/2021:09:00:00,2
05/Jan/2021:10:00:00,711
05/Jan/2021:11:00:00,398
05/Jan/2021:12:00:00,18
05/Jan/2021:13:00:00,18
05/Jan/2021:14:00:00,1027
05/Jan/2021:15:00:00,2785
05/Jan/2021:16:00:00,446
05/Jan/2021:17:00:00,274
05/Jan/2021:18:00:00,13
05/Jan/2021:19:00:00,66
05/Jan/2021:20:00:00,100
05/Jan/2021:21:00:00,523
05/Jan/2021:22:00:00,1547
05/Jan/2021:23:00:00,100
06/Jan/2021:00:00:00,105
06/Jan/2021:01:00:00,430
06/Jan/2021:02:00:00,508
06/Jan/2021:03:00:00,1
06/Jan/2021:04:00:00,60
06/Jan/2021:05:00:00,1
06/Jan/2021:06:00:00,0
06/Jan/2021:07:00:00,20
06/Jan/2021:08:00:00,4
06/Jan/2021:09:00:00,20
06/Jan/2021:10:00:00,0
06/Jan/2021:11:00:00,229
06/Jan/2021:12:00:00,53
06/Jan/2021:13:00:00,222
06/Jan/2021:14:00:00,721
06/Jan/2021:15:00:00,92
06/Jan/2021:16:00:00,6
06/Jan/2021:17:00:00,232
06/Jan/2021:18:00:00,527
06/Jan/2021:19:00:00,1798
06/Jan/2021:20:00:00,11
06/Jan/2021:21:00:00,1
06/Jan/2021:22:00:00,1
06/Jan/2021:23:00:00,16
07/Jan/2021:00:00:00,5
07/Jan/2021:01:00:00,5761
07/Jan/2021:02:00:00,3
07/Jan/2021:03:00:00,421
07/Jan/2021:04:00:00,4
07/Jan/2021:05:00:00,37
07/Jan/2021:06:00:00,73
07/Jan/2021:07:00:00,144
07/Jan/2021:08:00:00,3
07/Jan/2021:09:00:00,5
07/Jan/2021:10:00:00,396
07/Jan/2021:11:00:00,107
07/Jan/2021:12:00:00,326
07/Jan/2021:13:00:00,32
07/Jan/2021:14:00:00,9
07/Jan/2021:15:00:00,642
07/Jan/2021:16:00:00,3315
07/Jan/2021:17:00:00,516
07/Jan/2021:18:00:00,705
07/Jan/2021:19:00:00,4
07/Jan/2021:20:00:00,18
07/Jan/2021:21:00:00,164
07/Jan/2021:22:00:00,204
07/Jan/2021:23:00:00,44
08/Jan/2021:00:00:00,290
08/Jan/2021:01:00:00,81
08/Jan/2021:02:00:00,238
08/Jan/2021:03:00:00,130
08/Jan/2021:04:00:00,1052
08/Jan/2021:05:00:00,1552
08/Jan/2021:06:00:00,490
08/Jan/2021:07:00:00,307
08/Jan/2021:08:00:00,24
08/Jan/2021:09:00:00,0
08/Jan/2021:10:00:00,340
08/Jan/2021:11:00:00,253
08/Jan/2021:12:00:00,1204
08/Jan/2021:13:00:00,1461
08/Jan/2021:14:00:00,408
08/Jan/2021:15:00:00,56
08/Jan/2021:16:00:00,892
08/Jan/2021:17:00:00,2922
08/Jan/2021:18:00:00,126
08/Jan/2021:19:00:00,264
08/Jan/2021:20:00:00,1977
08/Jan/2021:21:00:00,426
08/Jan/2021:22:00:00,502
08/Jan/2021:23:00:00,40
09/Jan/2021:00:00:00,20
09/Jan/2021:01:00:00,44
09/Jan/2021:02:00:00,0
09/Jan/2021:03:00:00,2872
09/Jan/2021:04:00:00,0
09/Jan/2021:05:00:00,0
09/Jan/2021:06:00:00,96
09/Jan/2021:07:00:00,768
09/Jan/2021:08:00:00,0
09/Jan/2021:09:00:00,4
09/Jan/2021:10:00:00,5
09/Jan/2021:11:00:00,6
09/Jan/2021:12:00:00,68
09/Jan/2021:13:00:00,293
09/Jan/2021:14:00:00,465
09/Jan/2021:15:00:00,75
09/Jan/2021:16:00:00,6
09/Jan/2021:17:00:00,2334
09/Jan/2021:18:00:00,2021
09/Jan/2021:19:00:00,4423
09/Jan/2021:20:00:00,1233
09/Jan/2021:21:00:00,0
09/Jan/2021:22:00:00,0
09/Jan/2021:23:00:00,1
10/Jan/2021:00:00:00,17
10/Jan/2021:01:00:00,10
10/Jan/2021:02:00:00,137
10/Jan/2021:03:00:00,2
10/Jan/2021:04:00:00,116
10/Jan/2021:05:00:00,40
10/Jan/2021:06:00:00,80
10/Jan/2021:07:00:00,340
10/Jan/2021:08:00:00,0
10/Jan/2021:09:00:00,200
10/Jan/2021:10:00:00,200
10/Jan/2021:11:00:00,1404
10/Jan/2021:12:00:00,377
10/Jan/2021:13:00:00,304
10/Jan/2021:14:00:00,18
10/Jan/2021:15:00:00,4870
10/Jan/2021:16:00:00,1485
10/Jan/2021:17:00:00,1400
10/Jan/2021:18:00:00,487
10/Jan/2021:19:00:00,1060
10/Jan/2021:20:00:00,764
10/Jan/2021:21:00:00,961
10/Jan/2021:22:00:00,38
10/Jan/2021:23:00:00,0
11/Jan/2021:00:00:00,4
11/Jan/2021:01:00:00,0
11/Jan/2021:02:00:00,19
11/Jan/2021:03:00:00,0
11/Jan/2021:04:00:00,0
11/Jan/2021:05:00:00,96
11/Jan/2021:06:00:00,0
11/Jan/2021:07:00:00,8
11/Jan/2021:08:00:00,4
11/Jan/2021:09:00:00,104
11/Jan/2021:10:00:00,321
11/Jan/2021:11:00:00,359
11/Jan/2021:12:00:00,687
11/Jan/2021:13:00:00,1135
11/Jan/2021:14:00:00,448
11/Jan/2021:15:00:00,427
11/Jan/2021:16:00:00,3469
11/Jan/2021:17:00:00,249
11/Jan/2021:18:00:00,2686
11/Jan/2021:19:00:00,550
11/Jan/2021:20:00:00,4
11/Jan/2021:21:00:00,0
11/Jan/2021:22:00:00,0
11/Jan/2021:23:00:00,0
12/Jan/2021:00:00:00,0
12/Jan/2021:01:00:00,0
12/Jan/2021:02:00:00,0
12/Jan/2021:03:00:00,0
12/Jan/2021:04:00:00,0
12/Jan/2021:05:00:00,0
12/Jan/2021:06:00:00,0
12/Jan/2021:07:00:00,0
12/Jan/2021:08:00:00,0
12/Jan/2021:09:00:00,0
12/Jan/2021:10:00:00,0
12/Jan/2021:11:00:00,0
12/Jan/2021:12:00:00,0
12/Jan/2021:13:00:00,0
12/Jan/2021:14:00:00,0
12/Jan/2021:15:00:00,0
12/Jan/2021:16:00:00,0
12/Jan/2021:17:00:00,0
12/Jan/2021:18:00:00,0
12/Jan/2021:19:00:00,0
12/Jan/2021:20:00:00,0
12/Jan/2021:21:00:00,0
12/Jan/2021:22:00:00,0
12/Jan/2021:23:00:00,0
13/Jan/2021:00:00:00,0
13/Jan/2021:01:00:00,0
13/Jan/2021:02:00:00,0
13/Jan/2021:03:00:00,0
13/Jan/2021:04:00:00,0
13/Jan/2021:05:00:00,0
13/Jan/2021:06:00:00,0
13/Jan/2021:07:00:00,0
13/Jan/2021:08:00:00,0
13/Jan/2021:09:00:00,0
13/Jan/2021:10:00:00,0
13/Jan/2021:11:00:00,0
13/Jan/2021:12:00:00,0
13/Jan/2021:13:00:00,0
13/Jan/2021:14:00:00,0
13/Jan/2021:15:00:00,0
13/Jan/2021:16:00:00,0
13/Jan/2021:17:00:00,0
13/Jan/2021:18:00:00,0
13/Jan/2021:19:00:00,0
13/Jan/2021:20:00:00,0
13/Jan/2021:21:00:00,0
13/Jan/2021:22:00:00,0
13/Jan/2021:23:00:00,0
14/Jan/2021:00:00:00,0
14/Jan/2021:01:00:00,0
14/Jan/2021:02:00:00,0
14/Jan/2021:03:00:00,0
14/Jan/2021:04:00:00,0
14/Jan/2021:05:00:00,0
14/Jan/2021:06:00:00,0
14/Jan/2021:07:00:00,0
14/Jan/2021:08:00:00,0
14/Jan/2021:09:00:00,0
14/Jan/2021:10:00:00,0
14/Jan/2021:11:00:00,0
14/Jan/2021:12:00:00,0
14/Jan/2021:13:00:00,0
14/Jan/2021:14:00:00,0
14/Jan/2021:15:00:00,0
14/Jan/2021:16:00:00,0
14/Jan/2021:17:00:00,0
14/Jan/2021:18:00:00,0
14/Jan/2021:19:00:00,0
14/Jan/2021:20:00:00,0
14/Jan/2021:21:00:00,0
14/Jan/2021:22:00:00,0
14/Jan/2021:23:00:00,0
15/Jan/2021:00:00:00,0
15/Jan/2021:01:00:00,0
15/Jan/2021:02:00:00,0
15/Jan/2021:03:00:00,0
15/Jan/2021:04:00:00,0
15/Jan/2021:05:00:00,0
15/Jan/2021:06:00:00,0
15/Jan/2021:07:00:00,0
15/Jan/2021:08:00:00,0
15/Jan/2021:09:00:00,0
15/Jan/2021:10:00:00,0
15/Jan/2021:11:00:00,0
15/Jan/2021:12:00:00,0
15/Jan/2021:13:00:00,0
15/Jan/2021:14:00:00,0
15/Jan/2021:15:00:00,0
15/Jan/2021:16:00:00,0
15/Jan/2021:17:00:00,0
15/Jan/2021:18:00:00,0
15/Jan/2021:19:00:00,0
15/Jan/2021:20:00:00,0
15/Jan/2021:21:00:00,0
15/Jan/2021:22:00:00,0
15/Jan/2021:23:00:00,0
16/Jan/2021:00:00:00,0
16/Jan/2021:01:00:00,0
16/Jan/2021:02:00:00,0
16/Jan/2021:03:00:00,0
16/Jan/2021:04:00:00,0
16/Jan/2021:05:00:00,0
16/Jan/2021:06:00:00,0
16/Jan/2021:07:00:00,0
16/Jan/2021:08:00:00,0
16/Jan/2021:09:00:00,0
16/Jan/2021:10:00:00,0
16/Jan/2021:11:00:00,0
16/Jan/2021:12:00:00,820
16/Jan/2021:13:00:00,0
16/Jan/2021:14:00:00,0
16/Jan/2021:15:00:00,0
16/Jan/2021:16:00:00,0
16/Jan/2021:17:00:00,0
16/Jan/2021:18:00:00,0
16/Jan/2021:19:00:00,0
16/Jan/2021:20:00:00,0
16/Jan/2021:21:00:00,0
16/Jan/2021:22:00:00,0
16/Jan/2021:23:00:00,0
17/Jan/2021:00:00:00,0
17/Jan/2021:01:00:00,0
17/Jan/2021:02:00:00,0
17/Jan/2021:03:00:00,0
17/Jan/2021:04:00:00,0
17/Jan/2021:05:00:00,0
17/Jan/2021:06:00:00,0
17/Jan/2021:07:00:00,0
17/Jan/2021:08:00:00,0
17/Jan/2021:09:00:00,0
17/Jan/2021:10:00:00,0
17/Jan/2021:11:00:00,0
17/Jan/2021:12:00:00,0
17/Jan/2021:13:00:00,0
17/Jan/2021:14:00:00,0
17/Jan/2021:15:00:00,0
17/Jan/2021:16:00:00,0
17/Jan/2021:17:00:00,0
17/Jan/2021:18:00:00,0
17/Jan/2021:19:00:00,0
17/Jan/2021:20:00:00,0
17/Jan/2021:21:00:00,0
17/Jan/2021:22:00:00,0
17/Jan/2021:23:00:00,0
18/Jan/2021:00:00:00,0
18/Jan/2021:01:00:00,0
18/Jan/2021:02:00:00,0
18/Jan/2021:03:00:00,0
18/Jan/2021:04:00:00,0
18/Jan/2021:05:00:00,0
18/Jan/2021:06:00:00,0
18/Jan/2021:07:00:00,0
18/Jan/2021:08:00:00,0
18/Jan/2021:09:00:00,0
18/Jan/2021:10:00:00,0
18/Jan/2021:11:00:00,0
18/Jan/2021:12:00:00,0
18/Jan/2021:13:00:00,0
18/Jan/2021:14:00:00,72
18/Jan/2021:15:00:00,0
18/Jan/2021:16:00:00,0
18/Jan/2021:17:00:00,0
18/Jan/2021:18:00:00,0
18/Jan/2021:19:00:00,0
18/Jan/2021:20:00:00,0
18/Jan/2021:21:00:00,32
18/Jan/2021:22:00:00,109
18/Jan/2021:23:00:00,32
19/Jan/2021:00:00:00,284
19/Jan/2021:01:00:00,85
19/Jan/2021:02:00:00,70
19/Jan/2021:03:00:00,195
19/Jan/2021:04:00:00,3
19/Jan/2021:05:00:00,32
19/Jan/2021:06:00:00,180
19/Jan/2021:07:00:00,128
19/Jan/2021:08:00:00,0
19/Jan/2021:09:00:00,0
19/Jan/2021:10:00:00,101
19/Jan/2021:11:00:00,18
19/Jan/2021:12:00:00,171
19/Jan/2021:13:00:00,352
19/Jan/2021:14:00:00,109
19/Jan/2021:15:00:00,174
19/Jan/2021:16:00:00,240
19/Jan/2021:17:00:00,301
19/Jan/2021:18:00:00,769
19/Jan/2021:19:00:00,923
19/Jan/2021:20:00:00,45
19/Jan/2021:21:00:00,402
19/Jan/2021:22:00:00,43
19/Jan/2021:23:00:00,40
20/Jan/2021:00:00:00,10
20/Jan/2021:01:00:00,375
20/Jan/2021:02:00:00,12
20/Jan/2021:03:00:00,405
20/Jan/2021:04:00:00,1
20/Jan/2021:05:00:00,8
20/Jan/2021:06:00:00,0
20/Jan/2021:07:00:00,4
20/Jan/2021:08:00:00,4
20/Jan/2021:09:00:00,9
20/Jan/2021:10:00:00,146
20/Jan/2021:11:00:00,648
20/Jan/2021:12:00:00,142
20/Jan/2021:13:00:00,204
20/Jan/2021:14:00:00,225
20/Jan/2021:15:00:00,25
20/Jan/2021:16:00:00,302
20/Jan/2021:17:00:00,339
20/Jan/2021:18:00:00,57
20/Jan/2021:19:00:00,33
20/Jan/2021:20:00:00,73
20/Jan/2021:21:00:00,247
20/Jan/2021:22:00:00,1201
20/Jan/2021:23:00:00,4
21/Jan/2021:00:00:00,106
21/Jan/2021:01:00:00,122
21/Jan/2021:02:00:00,0
21/Jan/2021:03:00:00,0
21/Jan/2021:04:00:00,0
21/Jan/2021:05:00:00,0
21/Jan/2021:06:00:00,0
21/Jan/2021:07:00:00,0
21/Jan/2021:08:00:00,0
21/Jan/2021:09:00:00,0
21/Jan/2021:10:00:00,0
21/Jan/2021:11:00:00,0
21/Jan/2021:12:00:00,0
21/Jan/2021:13:00:00,0
21/Jan/2021:14:00:00,0
21/Jan/2021:15:00:00,0
21/Jan/2021:16:00:00,3
21/Jan/2021:17:00:00,252
21/Jan/2021:18:00:00,4
21/Jan/2021:19:00:00,8556
21/Jan/2021:20:00:00,855
21/Jan/2021:21:00:00,795
21/Jan/2021:22:00:00,1914
21/Jan/2021:23:00:00,832
22/Jan/2021:00:00:00,409
22/Jan/2021:01:00:00,22
22/Jan/2021:02:00:00,459
22/Jan/2021:03:00:00,0
22/Jan/2021:04:00:00,20
22/Jan/2021:05:00:00,281
22/Jan/2021:06:00:00,452
22/Jan/2021:07:00:00,4
22/Jan/2021:08:00:00,5
22/Jan/2021:09:00:00,250
22/Jan/2021:10:00:00,21
22/Jan/2021:11:00:00,360
22/Jan/2021:12:00:00,150
22/Jan/2021:13:00:00,38
22/Jan/2021:14:00:00,132
22/Jan/2021:15:00:00,347
22/Jan/2021:16:00:00,446
22/Jan/2021:17:00:00,1100
22/Jan/2021:18:00:00,473
22/Jan/2021:19:00:00,655
22/Jan/2021:20:00:00,592
22/Jan/2021:21:00:00,140
22/Jan/2021:22:00:00,195
22/Jan/2021:23:00:00,172
23/Jan/2021:00:00:00,90
23/Jan/2021:01:00:00,512
23/Jan/2021:02:00:00,71
23/Jan/2021:03:00:00,0
23/Jan/2021:04:00:00,0
23/Jan/2021:05:00:00,169
23/Jan/2021:06:00:00,0
23/Jan/2021:07:00:00,4
23/Jan/2021:08:00:00,72
23/Jan/2021:09:00:00,160
23/Jan/2021:10:00:00,80
23/Jan/2021:11:00:00,89
23/Jan/2021:12:00:00,42
23/Jan/2021:13:00:00,549
23/Jan/2021:14:00:00,170
23/Jan/2021:15:00:00,168
23/Jan/2021:16:00:00,1122
23/Jan/2021:17:00:00,63
23/Jan/2021:18:00:00,1305
23/Jan/2021:19:00:00,621
23/Jan/2021:20:00:00,353
23/Jan/2021:21:00:00,28
23/Jan/2021:22:00:00,123
23/Jan/2021:23:00:00,19
24/Jan/2021:00:00:00,782
24/Jan/2021:01:00:00,128
24/Jan/2021:02:00:00,230
24/Jan/2021:03:00:00,67
24/Jan/2021:04:00:00,0
24/Jan/2021:05:00:00,5
24/Jan/2021:06:00:00,32
24/Jan/2021:07:00:00,0
24/Jan/2021:08:00:00,36
24/Jan/2021:09:00:00,0
24/Jan/2021:10:00:00,80
24/Jan/2021:11:00:00,1021
24/Jan/2021:12:00:00,8
24/Jan/2021:13:00:00,13
24/Jan/2021:14:00:00,90
24/Jan/2021:15:00:00,172
24/Jan/2021:16:00:00,47
24/Jan/2021:17:00:00,75
24/Jan/2021:18:00:00,53
24/Jan/2021:19:00:00,15
24/Jan/2021:20:00:00,1228
24/Jan/2021:21:00:00,17
24/Jan/2021:22:00:00,302
24/Jan/2021:23:00:00,111
25/Jan/2021:00:00:00,4
25/Jan/2021:01:00:00,624
25/Jan/2021:02:00:00,309
25/Jan/2021:03:00:00,134
25/Jan/2021:04:00:00,128
25/Jan/2021:05:00:00,182
25/Jan/2021:06:00:00,8
25/Jan/2021:07:00:00,5
25/Jan/2021:08:00:00,0
25/Jan/2021:09:00:00,22
25/Jan/2021:10:00:00,6
25/Jan/2021:11:00:00,253
25/Jan/2021:12:00:00,2800
25/Jan/2021:13:00:00,220
25/Jan/2021:14:00:00,340
25/Jan/2021:15:00:00,642
25/Jan/2021:16:00:00,737
25/Jan/2021:17:00:00,979
25/Jan/2021:18:00:00,29
25/Jan/2021:19:00:00,1465
25/Jan/2021:20:00:00,1656
25/Jan/2021:21:00:00,0
25/Jan/2021:22:00:00,0
25/Jan/2021:23:00:00,0
26/Jan/2021:00:00:00,0
26/Jan/2021:01:00:00,0
26/Jan/2021:02:00:00,0
26/Jan/2021:03:00:00,0
26/Jan/2021:04:00:00,0
26/Jan/2021:05:00:00,0
26/Jan/2021:06:00:00,0
26/Jan/2021:07:00:00,0
26/Jan/2021:08:00:00,0
26/Jan/2021:09:00:00,0
26/Jan/2021:10:00:00,0
26/Jan/2021:11:00:00,0
26/Jan/2021:12:00:00,0
26/Jan/2021:13:00:00,0
26/Jan/2021:14:00:00,0
26/Jan/2021:15:00:00,0
26/Jan/2021:16:00:00,0
26/Jan/2021:17:00:00,0
26/Jan/2021:18:00:00,0
26/Jan/2021:19:00:00,0
26/Jan/2021:20:00:00,0
26/Jan/2021:21:00:00,0
26/Jan/2021:22:00:00,0
26/Jan/2021:23:00:00,0
27/Jan/2021:00:00:00,0
27/Jan/2021:01:00:00,0
27/Jan/2021:02:00:00,0
27/Jan/2021:03:00:00,0
27/Jan/2021:04:00:00,0
27/Jan/2021:05:00:00,0
27/Jan/2021:06:00:00,0
27/Jan/2021:07:00:00,0
27/Jan/2021:08:00:00,0
27/Jan/2021:09:00:00,0
27/Jan/2021:10:00:00,0
27/Jan/2021:11:00:00,0
27/Jan/2021:12:00:00,0
27/Jan/2021:13:00:00,0
27/Jan/2021:14:00:00,0
27/Jan/2021:15:00:00,0
27/Jan/2021:16:00:00,0
27/Jan/2021:17:00:00,0
27/Jan/2021:18:00:00,0
27/Jan/2021:19:00:00,0
27/Jan/2021:20:00:00,0
27/Jan/2021:21:00:00,0
27/Jan/2021:22:00:00,0
27/Jan/2021:23:00:00,0
28/Jan/2021:00:00:00,0
28/Jan/2021:01:00:00,0
28/Jan/2021:02:00:00,0
28/Jan/2021:03:00:00,0
28/Jan/2021:04:00:00,0
28/Jan/2021:05:00:00,0
28/Jan/2021:06:00:00,0
28/Jan/2021:07:00:00,0
28/Jan/2021:08:00:00,0
28/Jan/2021:09:00:00,0
28/Jan/2021:10:00:00,0
28/Jan/2021:11:00:00,0
28/Jan/2021:12:00:00,0
28/Jan/2021:13:00:00,0
28/Jan/2021:14:00:00,0
28/Jan/2021:15:00:00,0
28/Jan/2021:16:00:00,0
28/Jan/2021:17:00:00,0
28/Jan/2021:18:00:00,0
28/Jan/2021:19:00:00,0
28/Jan/2021:20:00:00,0
28/Jan/2021:21:00:00,0
28/Jan/2021:22:00:00,0
28/Jan/2021:23:00:00,0
29/Jan/2021:00:00:00,0
29/Jan/2021:01:00:00,0
29/Jan/2021:02:00:00,0
29/Jan/2021:03:00:00,0
29/Jan/2021:04:00:00,0
29/Jan/2021:05:00:00,0
29/Jan/2021:06:00:00,0
29/Jan/2021:07:00:00,0
29/Jan/2021:08:00:00,0
29/Jan/2021:09:00:00,0
29/Jan/2021:10:00:00,0
29/Jan/2021:11:00:00,0
29/Jan/2021:12:00:00,0
29/Jan/2021:13:00:00,0
29/Jan/2021:14:00:00,0
29/Jan/2021:15:00:00,0
29/Jan/2021:16:00:00,0
29/Jan/2021:17:00:00,0
29/Jan/2021:18:00:00,0
29/Jan/2021:19:00:00,0
29/Jan/2021:20:00:00,0
29/Jan/2021:21:00:00,0
29/Jan/2021:22:00:00,0
29/Jan/2021:23:00:00,0
30/Jan/2021:00:00:00,0
30/Jan/2021:01:00:00,0
30/Jan/2021:02:00:00,0
30/Jan/2021:03:00:00,0
30/Jan/2021:04:00:00,0
30/Jan/2021:05:00:00,0
30/Jan/2021:06:00:00,0
30/Jan/2021:07:00:00,0
30/Jan/2021:08:00:00,0
30/Jan/2021:09:00:00,0
30/Jan/2021:10:00:00,0
30/Jan/2021:11:00:00,0
30/Jan/2021:12:00:00,0
30/Jan/2021:13:00:00,0
30/Jan/2021:14:00:00,0
30/Jan/2021:15:00:00,0
30/Jan/2021:16:00:00,0
30/Jan/2021:17:00:00,0
30/Jan/2021:18:00:00,0
30/Jan/2021:19:00:00,0
30/Jan/2021:20:00:00,0
30/Jan/2021:21:00:00,0
30/Jan/2021:22:00:00,0
30/Jan/2021:23:00:00,0
31/Jan/2021:00:00:00,0
31/Jan/2021:01:00:00,0
31/Jan/2021:02:00:00,0
31/Jan/2021:03:00:00,0
31/Jan/2021:04:00:00,0
31/Jan/2021:05:00:00,0
31/Jan/2021:06:00:00,0
31/Jan/2021:07:00:00,0
31/Jan/2021:08:00:00,0
31/Jan/2021:09:00:00,0
31/Jan/2021:10:00:00,0
31/Jan/2021:11:00:00,0
31/Jan/2021:12:00:00,0
31/Jan/2021:13:00:00,0
31/Jan/2021:14:00:00,0
31/Jan/2021:15:00:00,0
31/Jan/2021:16:00:00,0
31/Jan/2021:17:00:00,0
31/Jan/2021:18:00:00,0
31/Jan/2021:19:00:00,0
31/Jan/2021:20:00:00,0
31/Jan/2021:21:00:00,0
31/Jan/2021:22:00:00,0
31/Jan/2021:23:00:00,40
01/Feb/2021:00:00:00,0
01/Feb/2021:01:00:00,0
01/Feb/2021:02:00:00,0
01/Feb/2021:03:00:00,0
01/Feb/2021:04:00:00,0
01/Feb/2021:05:00:00,0
01/Feb/2021:06:00:00,0
01/Feb/2021:07:00:00,0
01/Feb/2021:08:00:00,0
01/Feb/2021:09:00:00,0
01/Feb/2021:10:00:00,0
01/Feb/2021:11:00:00,0
01/Feb/2021:12:00:00,0
01/Feb/2021:13:00:00,0
01/Feb/2021:14:00:00,0
01/Feb/2021:15:00:00,0
01/Feb/2021:16:00:00,0
01/Feb/2021:17:00:00,0
01/Feb/2021:18:00:00,0
01/Feb/2021:19:00:00,0
01/Feb/2021:20:00:00,0
01/Feb/2021:21:00:00,1900
01/Feb/2021:22:00:00,1
01/Feb/2021:23:00:00,28
02/Feb/2021:00:00:00,36
02/Feb/2021:01:00:00,605
02/Feb/2021:02:00:00,4
02/Feb/2021:03:00:00,0
02/Feb/2021:04:00:00,0
02/Feb/2021:05:00:00,0
02/Feb/2021:06:00:00,768
02/Feb/2021:07:00:00,0
02/Feb/2021:08:00:00,740
02/Feb/2021:09:00:00,0
02/Feb/2021:10:00:00,57
02/Feb/2021:11:00:00,1132
02/Feb/2021:12:00:00,1435
02/Feb/2021:13:00:00,1299
02/Feb/2021:14:00:00,3476
02/Feb/2021:15:00:00,6
02/Feb/2021:16:00:00,94
02/Feb/2021:17:00:00,185
02/Feb/2021:18:00:00,32454
02/Feb/2021:19:00:00,120
02/Feb/2021:20:00:00,55
02/Feb/2021:21:00:00,127
02/Feb/2021:22:00:00,1218
02/Feb/2021:23:00:00,133
03/Feb/2021:00:00:00,157
03/Feb/2021:01:00:00,327
03/Feb/2021:02:00:00,137
03/Feb/2021:03:00:00,11
03/Feb/2021:04:00:00,199
03/Feb/2021:05:00:00,0
03/Feb/2021:06:00:00,321
03/Feb/2021:07:00:00,11
03/Feb/2021:08:00:00,0
03/Feb/2021:09:00:00,0
03/Feb/2021:10:00:00,32
03/Feb/2021:11:00:00,339
03/Feb/2021:12:00:00,224
03/Feb/2021:13:00:00,458
03/Feb/2021:14:00:00,71
03/Feb/2021:15:00:00,1392
03/Feb/2021:16:00:00,702
03/Feb/2021:17:00:00,904
03/Feb/2021:18:00:00,2528
03/Feb/2021:19:00:00,369
03/Feb/2021:20:00:00,275
03/Feb/2021:21:00:00,339
03/Feb/2021:22:00:00,53
03/Feb/2021:23:00:00,27
04/Feb/2021:00:00:00,49
04/Feb/2021:01:00:00,8498
04/Feb/2021:02:00:00,3
04/Feb/2021:03:00:00,97
04/Feb/2021:04:00:00,400
04/Feb/2021:05:00:00,5
04/Feb/2021:06:00:00,325
04/Feb/2021:07:00:00,2
04/Feb/2021:08:00:00,281
04/Feb/2021:09:00:00,222
04/Feb/2021:10:00:00,1420
04/Feb/2021:11:00:00,280
04/Feb/2021:12:00:00,2276
04/Feb/2021:13:00:00,648
04/Feb/2021:14:00:00,923
04/Feb/2021:15:00:00,16
04/Feb/2021:16:00:00,132
04/Feb/2021:17:00:00,14
04/Feb/2021:18:00:00,148
04/Feb/2021:19:00:00,401
04/Feb/2021:20:00:00,193
04/Feb/2021:21:00:00,180
04/Feb/2021:22:00:00,545
04/Feb/2021:23:00:00,8
05/Feb/2021:00:00:00,904
05/Feb/2021:01:00:00,834
05/Feb/2021:02:00:00,164
05/Feb/2021:03:00:00,7
05/Feb/2021:04:00:00,1296
05/Feb/2021:05:00:00,98
05/Feb/2021:06:00:00,1
05/Feb/2021:07:00:00,0
05/Feb/2021:08:00:00,4
05/Feb/2021:09:00:00,12
05/Feb/2021:10:00:00,41
05/Feb/2021:11:00:00,165
05/Feb/2021:12:00:00,10
05/Feb/2021:13:00:00,701
05/Feb/2021:14:00:00,2766
05/Feb/2021:15:00:00,1
05/Feb/2021:16:00:00,282
05/Feb/2021:17:00:00,696
05/Feb/2021:18:00:00,161
05/Feb/2021:19:00:00,571
05/Feb/2021:20:00:00,292
05/Feb/2021:21:00:00,24
05/Feb/2021:22:00:00,106
05/Feb/2021:23:00:00,87
06/Feb/2021:00:00:00,745
06/Feb/2021:01:00:00,7864
06/Feb/2021:02:00:00,254
06/Feb/2021:03:00:00,32
06/Feb/2021:04:00:00,103
06/Feb/2021:05:00:00,133
06/Feb/2021:06:00:00,57
06/Feb/2021:07:00:00,3
06/Feb/2021:08:00:00,2
06/Feb/2021:09:00:00,2038
06/Feb/2021:10:00:00,0
06/Feb/2021:11:00:00,39
06/Feb/2021:12:00:00,6
06/Feb/2021:13:00:00,6000
06/Feb/2021:14:00:00,14009
06/Feb/2021:15:00:00,237
06/Feb/2021:16:00:00,1088
06/Feb/2021:17:00:00,384
06/Feb/2021:18:00:00,22268
06/Feb/2021:19:00:00,24258
06/Feb/2021:20:00:00,5
06/Feb/2021:21:00:00,89
06/Feb/2021:22:00:00,35
06/Feb/2021:23:00:00,340
07/Feb/2021:00:00:00,400
07/Feb/2021:01:00:00,408
07/Feb/2021:02:00:00,372
07/Feb/2021:03:00:00,57
07/Feb/2021:04:00:00,28
07/Feb/2021:05:00:00,96
07/Feb/2021:06:00:00,0
07/Feb/2021:07:00:00,0
07/Feb/2021:08:00:00,0
07/Feb/2021:09:00:00,24
07/Feb/2021:10:00:00,1
07/Feb/2021:11:00:00,340
07/Feb/2021:12:00:00,228
07/Feb/2021:13:00:00,6578
07/Feb/2021:14:00:00,20
07/Feb/2021:15:00:00,37
07/Feb/2021:16:00:00,96
07/Feb/2021:17:00:00,329
07/Feb/2021:18:00:00,352
07/Feb/2021:19:00:00,175
07/Feb/2021:20:00:00,305
07/Feb/2021:21:00:00,12
07/Feb/2021:22:00:00,80
07/Feb/2021:23:00:00,5066
08/Feb/2021:00:00:00,148
08/Feb/2021:01:00:00,21
08/Feb/2021:02:00:00,72
08/Feb/2021:03:00:00,18
08/Feb/2021:04:00:00,3208
08/Feb/2021:05:00:00,14
08/Feb/2021:06:00:00,2
08/Feb/2021:07:00:00,0
08/Feb/2021:08:00:00,16
08/Feb/2021:09:00:00,9
08/Feb/2021:10:00:00,2
08/Feb/2021:11:00:00,99
08/Feb/2021:12:00:00,169
08/Feb/2021:13:00:00,318
08/Feb/2021:14:00:00,108
08/Feb/2021:15:00:00,74
08/Feb/2021:16:00:00,23
08/Feb/2021:17:00:00,45
08/Feb/2021:18:00:00,199
08/Feb/2021:19:00:00,182
08/Feb/2021:20:00:00,52
08/Feb/2021:21:00:00,0
08/Feb/2021:22:00:00,0
08/Feb/2021:23:00:00,0
09/Feb/2021:00:00:00,40
09/Feb/2021:01:00:00,5
09/Feb/2021:02:00:00,0
09/Feb/2021:03:00:00,0
09/Feb/2021:04:00:00,0
09/Feb/2021:05:00:00,0
09/Feb/2021:06:00:00,0
09/Feb/2021:07:00:00,0
09/Feb/2021:08:00:00,0
09/Feb/2021:09:00:00,32
09/Feb/2021:10:00:00,0
09/Feb/2021:11:00:00,0
09/Feb/2021:12:00:00,0
09/Feb/2021:13:00:00,40
09/Feb/2021:14:00:00,20
09/Feb/2021:15:00:00,0
09/Feb/2021:16:00:00,0
09/Feb/2021:17:00:00,29
09/Feb/2021:18:00:00,4
09/Feb/2021:19:00:00,0
09/Feb/2021:20:00:00,0
09/Feb/2021:21:00:00,0
09/Feb/2021:22:00:00,40
09/Feb/2021:23:00:00,20
10/Feb/2021:00:00:00,20
10/Feb/2021:01:00:00,0
10/Feb/2021:02:00:00,0
10/Feb/2021:03:00:00,0
10/Feb/2021:04:00:00,0
10/Feb/2021:05:00:00,0
10/Feb/2021:06:00:00,0
10/Feb/2021:07:00:00,0
10/Feb/2021:08:00:00,0
10/Feb/2021:09:00:00,0
10/Feb/2021:10:00:00,0
10/Feb/2021:11:00:00,0
10/Feb/2021:12:00:00,4
10/Feb/2021:13:00:00,64
10/Feb/2021:14:00:00,40
10/Feb/2021:15:00:00,20
10/Feb/2021:16:00:00,35
10/Feb/2021:17:00:00,25
10/Feb/2021:18:00:00,120
10/Feb/2021:19:00:00,8
10/Feb/2021:20:00:00,20
10/Feb/2021:21:00:00,1
10/Feb/2021:22:00:00,5
10/Feb/2021:23:00:00,0
11/Feb/2021:00:00:00,10
11/Feb/2021:01:00:00,0
11/Feb/2021:02:00:00,40
11/Feb/2021:03:00:00,30
11/Feb/2021:04:00:00,0
11/Feb/2021:05:00:00,6
11/Feb/2021:06:00:00,30
11/Feb/2021:07:00:00,0
11/Feb/2021:08:00:00,0
11/Feb/2021:09:00:00,0
11/Feb/2021:10:00:00,56
11/Feb/2021:11:00:00,0
11/Feb/2021:12:00:00,116
11/Feb/2021:13:00:00,40
11/Feb/2021:14:00:00,20
11/Feb/2021:15:00:00,60
11/Feb/2021:16:00:00,20
11/Feb/2021:17:00:00,110
11/Feb/2021:18:00:00,20
11/Feb/2021:19:00:00,44
11/Feb/2021:20:00:00,116
11/Feb/2021:21:00:00,56
11/Feb/2021:22:00:00,0
11/Feb/2021:23:00:00,0
12/Feb/2021:00:00:00,0
12/Feb/2021:01:00:00,0
12/Feb/2021:02:00:00,20
12/Feb/2021:03:00:00,0
12/Feb/2021:04:00:00,0
12/Feb/2021:05:00:00,0
12/Feb/2021:06:00:00,0
12/Feb/2021:07:00:00,8
12/Feb/2021:08:00:00,0
12/Feb/2021:09:00:00,0
12/Feb/2021:10:00:00,40
12/Feb/2021:11:00:00,4
12/Feb/2021:12:00:00,42
12/Feb/2021:13:00:00,60
12/Feb/2021:14:00:00,5
12/Feb/2021:15:00:00,0
12/Feb/2021:16:00:00,20
12/Feb/2021:17:00:00,0
12/Feb/2021:18:00:00,20
12/Feb/2021:19:00:00,60
12/Feb/2021:20:00:00,60
12/Feb/2021:21:00:00,40
12/Feb/2021:22:00:00,0
12/Feb/2021:23:00:00,4
13/Feb/2021:00:00:00,180
13/Feb/2021:01:00:00,0
13/Feb/2021:02:00:00,0
13/Feb/2021:03:00:00,200
13/Feb/2021:04:00:00,4
13/Feb/2021:05:00:00,0
13/Feb/2021:06:00:00,0
13/Feb/2021:07:00:00,0
13/Feb/2021:08:00:00,0
13/Feb/2021:09:00:00,0
13/Feb/2021:10:00:00,0
13/Feb/2021:11:00:00,40
13/Feb/2021:12:00:00,20
13/Feb/2021:13:00:00,32
13/Feb/2021:14:00:00,4
13/Feb/2021:15:00:00,0
13/Feb/2021:16:00:00,10
13/Feb/2021:17:00:00,60
13/Feb/2021:18:00:00,10
13/Feb/2021:19:00:00,0
13/Feb/2021:20:00:00,96
13/Feb/2021:21:00:00,0
13/Feb/2021:22:00:00,0
13/Feb/2021:23:00:00,30
14/Feb/2021:00:00:00,0
14/Feb/2021:01:00:00,142
14/Feb/2021:02:00:00,4
14/Feb/2021:03:00:00,0
14/Feb/2021:04:00:00,40
14/Feb/2021:05:00:00,0
14/Feb/2021:06:00:00,28
14/Feb/2021:07:00:00,0
14/Feb/2021:08:00:00,0
14/Feb/2021:09:00:00,16
14/Feb/2021:10:00:00,32
14/Feb/2021:11:00:00,0
14/Feb/2021:12:00:00,60
14/Feb/2021:13:00:00,140
14/Feb/2021:14:00:00,0
14/Feb/2021:15:00:00,0
14/Feb/2021:16:00:00,60
14/Feb/2021:17:00:00,100
14/Feb/2021:18:00:00,0
14/Feb/2021:19:00:00,156
14/Feb/2021:20:00:00,0
14/Feb/2021:21:00:00,0
14/Feb/2021:22:00:00,20
14/Feb/2021:23:00:00,34
15/Feb/2021:00:00:00,0
15/Feb/2021:01:00:00,36
15/Feb/2021:02:00:00,0
15/Feb/2021:03:00:00,40
15/Feb/2021:04:00:00,128
15/Feb/2021:05:00:00,40
15/Feb/2021:06:00:00,40
15/Feb/2021:07:00:00,96
15/Feb/2021:08:00:00,16
15/Feb/2021:09:00:00,40
15/Feb/2021:10:00:00,0
15/Feb/2021:11:00:00,8
15/Feb/2021:12:00:00,60
15/Feb/2021:13:00:00,320
15/Feb/2021:14:00:00,130
15/Feb/2021:15:00:00,40
15/Feb/2021:16:00:00,74
15/Feb/2021:17:00:00,152
15/Feb/2021:18:00:00,100
15/Feb/2021:19:00:00,141
15/Feb/2021:20:00:00,542
15/Feb/2021:21:00:00,58
15/Feb/2021:22:00:00,306
15/Feb/2021:23:00:00,489
16/Feb/2021:00:00:00,417
16/Feb/2021:01:00:00,1340
16/Feb/2021:02:00:00,601
16/Feb/2021:03:00:00,743
16/Feb/2021:04:00:00,41
16/Feb/2021:05:00:00,593
16/Feb/2021:06:00:00,41
16/Feb/2021:07:00:00,9
16/Feb/2021:08:00:00,63
16/Feb/2021:09:00:00,3
16/Feb/2021:10:00:00,56
16/Feb/2021:11:00:00,312
16/Feb/2021:12:00:00,680
16/Feb/2021:13:00:00,1652
16/Feb/2021:14:00:00,458
16/Feb/2021:15:00:00,56
16/Feb/2021:16:00:00,11
16/Feb/2021:17:00:00,327
16/Feb/2021:18:00:00,201
16/Feb/2021:19:00:00,391
16/Feb/2021:20:00:00,350
16/Feb/2021:21:00:00,24
16/Feb/2021:22:00:00,126
16/Feb/2021:23:00:00,115
17/Feb/2021:00:00:00,356
17/Feb/2021:01:00:00,26
17/Feb/2021:02:00:00,11
17/Feb/2021:03:00:00,63
17/Feb/2021:04:00:00,0
17/Feb/2021:05:00:00,1488
17/Feb/2021:06:00:00,41
17/Feb/2021:07:00:00,23
17/Feb/2021:08:00:00,1
17/Feb/2021:09:00:00,51
17/Feb/2021:10:00:00,9
17/Feb/2021:11:00:00,27
17/Feb/2021:12:00:00,4
17/Feb/2021:13:00:00,100
17/Feb/2021:14:00:00,198
17/Feb/2021:15:00:00,257
17/Feb/2021:16:00:00,435
17/Feb/2021:17:00:00,172
17/Feb/2021:18:00:00,59
17/Feb/2021:19:00:00,458
17/Feb/2021:20:00:00,437
17/Feb/2021:21:00:00,151
17/Feb/2021:22:00:00,153
17/Feb/2021:23:00:00,161
18/Feb/2021:00:00:00,28
18/Feb/2021:01:00:00,106
18/Feb/2021:02:00:00,21
18/Feb/2021:03:00:00,36
18/Feb/2021:04:00:00,35
18/Feb/2021:05:00:00,51
18/Feb/2021:06:00:00,234
18/Feb/2021:07:00:00,15
18/Feb/2021:08:00:00,26
18/Feb/2021:09:00:00,60
18/Feb/2021:10:00:00,24
18/Feb/2021:11:00:00,138
18/Feb/2021:12:00:00,108
18/Feb/2021:13:00:00,654
18/Feb/2021:14:00:00,176
18/Feb/2021:15:00:00,387
18/Feb/2021:16:00:00,481
18/Feb/2021:17:00:00,614
18/Feb/2021:18:00:00,649
18/Feb/2021:19:00:00,458
18/Feb/2021:20:00:00,180
18/Feb/2021:21:00:00,43
18/Feb/2021:22:00:00,315
18/Feb/2021:23:00:00,443
19/Feb/2021:00:00:00,1167
19/Feb/2021:01:00:00,20
19/Feb/2021:02:00:00,204
19/Feb/2021:03:00:00,73
19/Feb/2021:04:00:00,5
19/Feb/2021:05:00:00,667
19/Feb/2021:06:00:00,0
19/Feb/2021:07:00:00,82
19/Feb/2021:08:00:00,84
19/Feb/2021:09:00:00,4
19/Feb/2021:10:00:00,200
19/Feb/2021:11:00:00,338
19/Feb/2021:12:00:00,484
19/Feb/2021:13:00:00,193
19/Feb/2021:14:00:00,369
19/Feb/2021:15:00:00,93
19/Feb/2021:16:00:00,144
19/Feb/2021:17:00:00,198
19/Feb/2021:18:00:00,995
19/Feb/2021:19:00:00,448
19/Feb/2021:20:00:00,164
19/Feb/2021:21:00:00,40
19/Feb/2021:22:00:00,1
19/Feb/2021:23:00:00,0
20/Feb/2021:00:00:00,142
20/Feb/2021:01:00:00,70
20/Feb/2021:02:00:00,8
20/Feb/2021:03:00:00,0
20/Feb/2021:04:00:00,46
20/Feb/2021:05:00:00,13
20/Feb/2021:06:00:00,0
20/Feb/2021:07:00:00,0
20/Feb/2021:08:00:00,20
20/Feb/2021:09:00:00,0
20/Feb/2021:10:00:00,16
20/Feb/2021:11:00:00,44
20/Feb/2021:12:00:00,9
20/Feb/2021:13:00:00,5
20/Feb/2021:14:00:00,416
20/Feb/2021:15:00:00,226
20/Feb/2021:16:00:00,212
20/Feb/2021:17:00:00,257
20/Feb/2021:18:00:00,246
20/Feb/2021:19:00:00,189
20/Feb/2021:20:00:00,661
20/Feb/2021:21:00:00,42
20/Feb/2021:22:00:00,948
20/Feb/2021:23:00:00,76
21/Feb/2021:00:00:00,491
21/Feb/2021:01:00:00,160
21/Feb/2021:02:00:00,7
21/Feb/2021:03:00:00,819
21/Feb/2021:04:00:00,340
21/Feb/2021:05:00:00,150
21/Feb/2021:06:00:00,130
21/Feb/2021:07:00:00,320
21/Feb/2021:08:00:00,1
21/Feb/2021:09:00:00,130
21/Feb/2021:10:00:00,5
21/Feb/2021:11:00:00,10
21/Feb/2021:12:00:00,7
21/Feb/2021:13:00:00,312
21/Feb/2021:14:00:00,151
21/Feb/2021:15:00:00,37
21/Feb/2021:16:00:00,130
21/Feb/2021:17:00:00,230
21/Feb/2021:18:00:00,621
21/Feb/2021:19:00:00,604
21/Feb/2021:20:00:00,54
21/Feb/2021:21:00:00,227
21/Feb/2021:22:00:00,222
21/Feb/2021:23:00:00,428
22/Feb/2021:00:00:00,658
22/Feb/2021:01:00:00,256
22/Feb/2021:02:00:00,331
22/Feb/2021:03:00:00,24
22/Feb/2021:04:00:00,139
22/Feb/2021:05:00:00,637
22/Feb/2021:06:00:00,65
22/Feb/2021:07:00:00,381
22/Feb/2021:08:00:00,8
22/Feb/2021:09:00:00,29
22/Feb/2021:10:00:00,22
22/Feb/2021:11:00:00,61
22/Feb/2021:12:00:00,1115
22/Feb/2021:13:00:00,189
22/Feb/2021:14:00:00,213
22/Feb/2021:15:00:00,71
22/Feb/2021:16:00:00,1169
22/Feb/2021:17:00:00,380
22/Feb/2021:18:00:00,351
22/Feb/2021:19:00:00,79
22/Feb/2021:20:00:00,75
22/Feb/2021:21:00:00,273
22/Feb/2021:22:00:00,536
22/Feb/2021:23:00:00,46
23/Feb/2021:00:00:00,74
23/Feb/2021:01:00:00,726
23/Feb/2021:02:00:00,218
23/Feb/2021:03:00:00,73
23/Feb/2021:04:00:00,42
23/Feb/2021:05:00:00,40
23/Feb/2021:06:00:00,0
23/Feb/2021:07:00:00,0
23/Feb/2021:08:00:00,4
23/Feb/2021:09:00:00,104
23/Feb/2021:10:00:00,126
23/Feb/2021:11:00:00,346
23/Feb/2021:12:00:00,254
23/Feb/2021:13:00:00,65
23/Feb/2021:14:00:00,37
23/Feb/2021:15:00:00,378
23/Feb/2021:16:00:00,391
23/Feb/2021:17:00:00,386
23/Feb/2021:18:00:00,154
23/Feb/2021:19:00:00,136
23/Feb/2021:20:00:00,58
23/Feb/2021:21:00:00,303
23/Feb/2021:22:00:00,17992
23/Feb/2021:23:00:00,357
24/Feb/2021:00:00:00,71
24/Feb/2021:01:00:00,217
24/Feb/2021:02:00:00,44
24/Feb/2021:03:00:00,20
24/Feb/2021:04:00:00,0
24/Feb/2021:05:00:00,83
24/Feb/2021:06:00:00,606
24/Feb/2021:07:00:00,673
24/Feb/2021:08:00:00,104
24/Feb/2021:09:00:00,134
24/Feb/2021:10:00:00,14927
24/Feb/2021:11:00:00,359
24/Feb/2021:12:00:00,266
24/Feb/2021:13:00:00,255
24/Feb/2021:14:00:00,137
24/Feb/2021:15:00:00,175
24/Feb/2021:16:00:00,31
24/Feb/2021:17:00:00,130
24/Feb/2021:18:00:00,682
24/Feb/2021:19:00:00,160
24/Feb/2021:20:00:00,6
24/Feb/2021:21:00:00,696
24/Feb/2021:22:00:00,118
24/Feb/2021:23:00:00,37
25/Feb/2021:00:00:00,127
25/Feb/2021:01:00:00,90
25/Feb/2021:02:00:00,675
25/Feb/2021:03:00:00,47
25/Feb/2021:04:00:00,42
25/Feb/2021:05:00:00,44
25/Feb/2021:06:00:00,190
25/Feb/2021:07:00:00,1224
25/Feb/2021:08:00:00,180
25/Feb/2021:09:00:00,52
25/Feb/2021:10:00:00,81
25/Feb/2021:11:00:00,840
25/Feb/2021:12:00:00,297
25/Feb/2021:13:00:00,367
25/Feb/2021:14:00:00,899
25/Feb/2021:15:00:00,198
25/Feb/2021:16:00:00,480
25/Feb/2021:17:00:00,364
25/Feb/2021:18:00:00,151
25/Feb/2021:19:00:00,122
25/Feb/2021:20:00:00,66
25/Feb/2021:21:00:00,637
25/Feb/2021:22:00:00,400
25/Feb/2021:23:00:00,160
26/Feb/2021:00:00:00,165
26/Feb/2021:01:00:00,303
26/Feb/2021:02:00:00,46
26/Feb/2021:03:00:00,0
26/Feb/2021:04:00:00,57
26/Feb/2021:05:00:00,5
26/Feb/2021:06:00:00,0
26/Feb/2021:07:00:00,0
26/Feb/2021:08:00:00,8
26/Feb/2021:09:00:00,102
26/Feb/2021:10:00:00,700
26/Feb/2021:11:00:00,39
26/Feb/2021:12:00:00,100
26/Feb/2021:13:00:00,76
26/Feb/2021:14:00:00,473
26/Feb/2021:15:00:00,1169
26/Feb/2021:16:00:00,320
26/Feb/2021:17:00:00,642
26/Feb/2021:18:00:00,693
26/Feb/2021:19:00:00,796
26/Feb/2021:20:00:00,585
26/Feb/2021:21:00:00,1
26/Feb/2021:22:00:00,0
26/Feb/2021:23:00:00,0
27/Feb/2021:00:00:00,0
27/Feb/2021:01:00:00,4
27/Feb/2021:02:00:00,0
27/Feb/2021:03:00:00,0
27/Feb/2021:04:00:00,0
27/Feb/2021:05:00:00,0
27/Feb/2021:06:00:00,0
27/Feb/2021:07:00:00,80
27/Feb/2021:08:00:00,0
27/Feb/2021:09:00:00,0
27/Feb/2021:10:00:00,0
27/Feb/2021:11:00:00,0
27/Feb/2021:12:00:00,0
27/Feb/2021:13:00:00,4
27/Feb/2021:14:00:00,0
27/Feb/2021:15:00:00,0
27/Feb/2021:16:00:00,0
27/Feb/2021:17:00:00,20
27/Feb/2021:18:00:00,32
27/Feb/2021:19:00:00,0
27/Feb/2021:20:00:00,4
27/Feb/2021:21:00:00,0
27/Feb/2021:22:00:00,0
27/Feb/2021:23:00:00,0
28/Feb/2021:00:00:00,0
28/Feb/2021:01:00:00,0
28/Feb/2021:02:00:00,0
28/Feb/2021:03:00:00,44
28/Feb/2021:04:00:00,20
28/Feb/2021:05:00:00,0
28/Feb/2021:06:00:00,4
28/Feb/2021:07:00:00,0
28/Feb/2021:08:00:00,0
28/Feb/2021:09:00:00,0
28/Feb/2021:10:00:00,12
28/Feb/2021:11:00:00,0
28/Feb/2021:12:00:00,0
28/Feb/2021:13:00:00,0
28/Feb/2021:14:00:00,0
28/Feb/2021:15:00:00,0
28/Feb/2021:16:00:00,0
28/Feb/2021:17:00:00,0
28/Feb/2021:18:00:00,200
28/Feb/2021:19:00:00,0
28/Feb/2021:20:00:00,4
28/Feb/2021:21:00:00,0
28/Feb/2021:22:00:00,0
28/Feb/2021:23:00:00,0
01/Mar/2021:00:00:00,40
01/Mar/2021:01:00:00,0
01/Mar/2021:02:00:00,0
01/Mar/2021:03:00:00,0
01/Mar/2021:04:00:00,0
01/Mar/2021:05:00:00,0
01/Mar/2021:06:00:00,0
01/Mar/2021:07:00:00,0
01/Mar/2021:08:00:00,0
01/Mar/2021:09:00:00,0
01/Mar/2021:10:00:00,0
01/Mar/2021:11:00:00,0
01/Mar/2021:12:00:00,16
01/Mar/2021:13:00:00,0
01/Mar/2021:14:00:00,4
01/Mar/2021:15:00:00,0
01/Mar/2021:16:00:00,80
01/Mar/2021:17:00:00,0
01/Mar/2021:18:00:00,20
01/Mar/2021:19:00:00,140
01/Mar/2021:20:00:00,0
01/Mar/2021:21:00:00,0
01/Mar/2021:22:00:00,0
01/Mar/2021:23:00:00,40
02/Mar/2021:00:00:00,0
02/Mar/2021:01:00:00,0
02/Mar/2021:02:00:00,0
02/Mar/2021:03:00:00,0
02/Mar/2021:04:00:00,0
02/Mar/2021:05:00:00,0
02/Mar/2021:06:00:00,0
02/Mar/2021:07:00:00,0
02/Mar/2021:08:00:00,0
02/Mar/2021:09:00:00,0
02/Mar/2021:10:00:00,0
02/Mar/2021:11:00:00,0
02/Mar/2021:12:00:00,0
02/Mar/2021:13:00:00,0
02/Mar/2021:14:00:00,0
02/Mar/2021:15:00:00,0
02/Mar/2021:16:00:00,0
02/Mar/2021:17:00:00,0
02/Mar/2021:18:00:00,0
02/Mar/2021:19:00:00,0
02/Mar/2021:20:00:00,8
02/Mar/2021:21:00:00,415
02/Mar/2021:22:00:00,1041
02/Mar/2021:23:00:00,865
03/Mar/2021:00:00:00,679
03/Mar/2021:01:00:00,189
03/Mar/2021:02:00:00,141
03/Mar/2021:03:00:00,197
03/Mar/2021:04:00:00,132
03/Mar/2021:05:00:00,13
03/Mar/2021:06:00:00,0
03/Mar/2021:07:00:00,0
03/Mar/2021:08:00:00,0
03/Mar/2021:09:00:00,82
03/Mar/2021:10:00:00,6
03/Mar/2021:11:00:00,19
03/Mar/2021:12:00:00,226
03/Mar/2021:13:00:00,254
03/Mar/2021:14:00:00,208
03/Mar/2021:15:00:00,295
03/Mar/2021:16:00:00,48
03/Mar/2021:17:00:00,1177
03/Mar/2021:18:00:00,7
03/Mar/2021:19:00:00,125
03/Mar/2021:20:00:00,6
03/Mar/2021:21:00:00,161
03/Mar/2021:22:00:00,188
03/Mar/2021:23:00:00,586
04/Mar/2021:00:00:00,342
04/Mar/2021:01:00:00,365
04/Mar/2021:02:00:00,240
04/Mar/2021:03:00:00,431
04/Mar/2021:04:00:00,144
04/Mar/2021:05:00:00,0
04/Mar/2021:06:00:00,0
04/Mar/2021:07:00:00,1
04/Mar/2021:08:00:00,64
04/Mar/2021:09:00:00,40
04/Mar/2021:10:00:00,1
04/Mar/2021:11:00:00,1008
04/Mar/2021:12:00:00,240
04/Mar/2021:13:00:00,1128
04/Mar/2021:14:00:00,873
04/Mar/2021:15:00:00,0
04/Mar/2021:16:00:00,89
04/Mar/2021:17:00:00,68
04/Mar/2021:18:00:00,60
04/Mar/2021:19:00:00,155
04/Mar/2021:20:00:00,429
04/Mar/2021:21:00:00,22
04/Mar/2021:22:00:00,2
04/Mar/2021:23:00:00,72
05/Mar/2021:00:00:00,100
05/Mar/2021:01:00:00,330
05/Mar/2021:02:00:00,148
05/Mar/2021:03:00:00,496
05/Mar/2021:04:00:00,400
05/Mar/2021:05:00:00,703
05/Mar/2021:06:00:00,90
05/Mar/2021:07:00:00,1
05/Mar/2021:08:00:00,1
05/Mar/2021:09:00:00,108
05/Mar/2021:10:00:00,21
05/Mar/2021:11:00:00,1171
05/Mar/2021:12:00:00,277
05/Mar/2021:13:00:00,68
05/Mar/2021:14:00:00,40
05/Mar/2021:15:00:00,240
05/Mar/2021:16:00:00,166
05/Mar/2021:17:00:00,1440
05/Mar/2021:18:00:00,224
05/Mar/2021:19:00:00,183
05/Mar/2021:20:00:00,4
05/Mar/2021:21:00:00,4
05/Mar/2021:22:00:00,0
05/Mar/2021:23:00:00,60
06/Mar/2021:00:00:00,0
06/Mar/2021:01:00:00,1
06/Mar/2021:02:00:00,10
06/Mar/2021:03:00:00,4
06/Mar/2021:04:00:00,32
06/Mar/2021:05:00:00,800
06/Mar/2021:06:00:00,0
06/Mar/2021:07:00:00,0
06/Mar/2021:08:00:00,1
06/Mar/2021:09:00:00,0
06/Mar/2021:10:00:00,0
06/Mar/2021:11:00:00,640
06/Mar/2021:12:00:00,30
06/Mar/2021:13:00:00,253
06/Mar/2021:14:00:00,381
06/Mar/2021:15:00:00,181
06/Mar/2021:16:00:00,384
06/Mar/2021:17:00:00,201
06/Mar/2021:18:00:00,176
06/Mar/2021:19:00:00,140
06/Mar/2021:20:00:00,1064
06/Mar/2021:21:00:00,80
06/Mar/2021:22:00:00,0
06/Mar/2021:23:00:00,280
07/Mar/2021:00:00:00,40
07/Mar/2021:01:00:00,0
07/Mar/2021:02:00:00,0
07/Mar/2021:03:00:00,0
07/Mar/2021:04:00:00,81
07/Mar/2021:05:00:00,870
07/Mar/2021:06:00:00,0
07/Mar/2021:07:00:00,1
07/Mar/2021:08:00:00,240
07/Mar/2021:09:00:00,180
07/Mar/2021:10:00:00,0
07/Mar/2021:11:00:00,205
07/Mar/2021:12:00:00,40
07/Mar/2021:13:00:00,174
07/Mar/2021:14:00:00,196
07/Mar/2021:15:00:00,92
07/Mar/2021:16:00:00,200
07/Mar/2021:17:00:00,421
07/Mar/2021:18:00:00,460
07/Mar/2021:19:00:00,192
07/Mar/2021:20:00:00,128
07/Mar/2021:21:00:00,4
07/Mar/2021:22:00:00,216
07/Mar/2021:23:00:00,160
08/Mar/2021:00:00:00,0
08/Mar/2021:01:00:00,328
08/Mar/2021:02:00:00,364
08/Mar/2021:03:00:00,15
08/Mar/2021:04:00:00,21
08/Mar/2021:05:00:00,0
08/Mar/2021:06:00:00,0
08/Mar/2021:07:00:00,8
08/Mar/2021:08:00:00,1
08/Mar/2021:09:00:00,164
08/Mar/2021:10:00:00,16
08/Mar/2021:11:00:00,32
08/Mar/2021:12:00:00,55
08/Mar/2021:13:00:00,389
08/Mar/2021:14:00:00,335
08/Mar/2021:15:00:00,51
08/Mar/2021:16:00:00,149
08/Mar/2021:17:00:00,5
08/Mar/2021:18:00:00,12
08/Mar/2021:19:00:00,107
08/Mar/2021:20:00:00,5
08/Mar/2021:21:00:00,48
08/Mar/2021:22:00:00,202
08/Mar/2021:23:00:00,20
09/Mar/2021:00:00:00,7
09/Mar/2021:01:00:00,4
09/Mar/2021:02:00:00,0
09/Mar/2021:03:00:00,1
09/Mar/2021:04:00:00,140
09/Mar/2021:05:00:00,0
09/Mar/2021:06:00:00,0
09/Mar/2021:07:00:00,40
09/Mar/2021:08:00:00,244
09/Mar/2021:09:00:00,20
09/Mar/2021:10:00:00,256
09/Mar/2021:11:00:00,56
09/Mar/2021:12:00:00,95
09/Mar/2021:13:00:00,124
09/Mar/2021:14:00:00,31
09/Mar/2021:15:00:00,39
09/Mar/2021:16:00:00,67
09/Mar/2021:17:00:00,30
09/Mar/2021:18:00:00,94
09/Mar/2021:19:00:00,172
09/Mar/2021:20:00:00,40
09/Mar/2021:21:00:00,20
09/Mar/2021:22:00:00,3
09/Mar/2021:23:00:00,0
10/Mar/2021:00:00:00,10
10/Mar/2021:01:00:00,249
10/Mar/2021:02:00:00,114
10/Mar/2021:03:00:00,316
10/Mar/2021:04:00:00,680
10/Mar/2021:05:00:00,40
10/Mar/2021:06:00:00,0
10/Mar/2021:07:00:00,0
10/Mar/2021:08:00:00,80
10/Mar/2021:09:00:00,80
10/Mar/2021:10:00:00,99
10/Mar/2021:11:00:00,229
10/Mar/2021:12:00:00,64
10/Mar/2021:13:00:00,253
10/Mar/2021:14:00:00,705
10/Mar/2021:15:00:00,72
10/Mar/2021:16:00:00,17
10/Mar/2021:17:00:00,68
10/Mar/2021:18:00:00,275
10/Mar/2021:19:00:00,45
10/Mar/2021:20:00:00,244
10/Mar/2021:21:00:00,0
10/Mar/2021:22:00:00,440
10/Mar/2021:23:00:00,60
11/Mar/2021:00:00:00,174
11/Mar/2021:01:00:00,160
11/Mar/2021:02:00:00,4
11/Mar/2021:03:00:00,80
11/Mar/2021:04:00:00,33
11/Mar/2021:05:00:00,20
11/Mar/2021:06:00:00,0
11/Mar/2021:07:00:00,0
11/Mar/2021:08:00:00,0
11/Mar/2021:09:00:00,14
11/Mar/2021:10:00:00,10
11/Mar/2021:11:00:00,50
11/Mar/2021:12:00:00,105
11/Mar/2021:13:00:00,38
11/Mar/2021:14:00:00,104
11/Mar/2021:15:00:00,11
11/Mar/2021:16:00:00,648
11/Mar/2021:17:00:00,40
11/Mar/2021:18:00:00,260
11/Mar/2021:19:00:00,119
11/Mar/2021:20:00:00,214
11/Mar/2021:21:00:00,18
11/Mar/2021:22:00:00,0
11/Mar/2021:23:00:00,130
12/Mar/2021:00:00:00,772
12/Mar/2021:01:00:00,70
12/Mar/2021:02:00:00,68
12/Mar/2021:03:00:00,92
12/Mar/2021:04:00:00,0
12/Mar/2021:05:00:00,40
12/Mar/2021:06:00:00,0
12/Mar/2021:07:00:00,0
12/Mar/2021:08:00:00,0
12/Mar/2021:09:00:00,181
12/Mar/2021:10:00:00,100
12/Mar/2021:11:00:00,6
12/Mar/2021:12:00:00,256
12/Mar/2021:13:00:00,521
12/Mar/2021:14:00:00,1
12/Mar/2021:15:00:00,1373
12/Mar/2021:16:00:00,101
12/Mar/2021:17:00:00,2
12/Mar/2021:18:00:00,101
12/Mar/2021:19:00:00,90
12/Mar/2021:20:00:00,108
12/Mar/2021:21:00:00,43
12/Mar/2021:22:00:00,57
12/Mar/2021:23:00:00,48
13/Mar/2021:00:00:00,0
13/Mar/2021:01:00:00,8
13/Mar/2021:02:00:00,24
13/Mar/2021:03:00:00,120
13/Mar/2021:04:00:00,0
13/Mar/2021:05:00:00,0
13/Mar/2021:06:00:00,0
13/Mar/2021:07:00:00,124
13/Mar/2021:08:00:00,0
13/Mar/2021:09:00:00,24
13/Mar/2021:10:00:00,2
13/Mar/2021:11:00:00,10
13/Mar/2021:12:00:00,24
13/Mar/2021:13:00:00,272
13/Mar/2021:14:00:00,40
13/Mar/2021:15:00:00,25
13/Mar/2021:16:00:00,88
13/Mar/2021:17:00:00,48
13/Mar/2021:18:00:00,1955
13/Mar/2021:19:00:00,20
13/Mar/2021:20:00:00,0
13/Mar/2021:21:00:00,0
13/Mar/2021:22:00:00,0
13/Mar/2021:23:00:00,0
14/Mar/2021:00:00:00,60
14/Mar/2021:01:00:00,0
14/Mar/2021:02:00:00,52
14/Mar/2021:03:00:00,0
14/Mar/2021:04:00:00,60
14/Mar/2021:05:00:00,112
14/Mar/2021:06:00:00,56
14/Mar/2021:07:00:00,0
14/Mar/2021:08:00:00,0
14/Mar/2021:09:00:00,0
14/Mar/2021:10:00:00,16
14/Mar/2021:11:00:00,40
14/Mar/2021:12:00:00,16
14/Mar/2021:13:00:00,0
14/Mar/2021:14:00:00,32
14/Mar/2021:15:00:00,32
14/Mar/2021:16:00:00,0
14/Mar/2021:17:00:00,0
14/Mar/2021:18:00:00,0
14/Mar/2021:19:00:00,346
14/Mar/2021:20:00:00,96
14/Mar/2021:21:00:00,9
14/Mar/2021:22:00:00,80
14/Mar/2021:23:00:00,1
15/Mar/2021:00:00:00,0
15/Mar/2021:01:00:00,48
15/Mar/2021:02:00:00,36
15/Mar/2021:03:00:00,80
15/Mar/2021:04:00:00,0
15/Mar/2021:05:00:00,0
15/Mar/2021:06:00:00,0
15/Mar/2021:07:00:00,0
15/Mar/2021:08:00:00,0
15/Mar/2021:09:00:00,0
15/Mar/2021:10:00:00,0
15/Mar/2021:11:00:00,51
15/Mar/2021:12:00:00,114
15/Mar/2021:13:00:00,16
15/Mar/2021:14:00:00,960
15/Mar/2021:15:00:00,0
15/Mar/2021:16:00:00,18
15/Mar/2021:17:00:00,0
15/Mar/2021:18:00:00,84
15/Mar/2021:19:00:00,11
15/Mar/2021:20:00:00,21
15/Mar/2021:21:00:00,151
15/Mar/2021:22:00:00,4207
15/Mar/2021:23:00:00,451
16/Mar/2021:00:00:00,31
16/Mar/2021:01:00:00,640
16/Mar/2021:02:00:00,116
16/Mar/2021:03:00:00,6
16/Mar/2021:04:00:00,19
16/Mar/2021:05:00:00,4
16/Mar/2021:06:00:00,30
16/Mar/2021:07:00:00,0
16/Mar/2021:08:00:00,6
16/Mar/2021:09:00:00,642
16/Mar/2021:10:00:00,756
16/Mar/2021:11:00:00,1437
16/Mar/2021:12:00:00,523
16/Mar/2021:13:00:00,682
16/Mar/2021:14:00:00,396
16/Mar/2021:15:00:00,1678
16/Mar/2021:16:00:00,2231
16/Mar/2021:17:00:00,476
16/Mar/2021:18:00:00,2142
16/Mar/2021:19:00:00,10668
16/Mar/2021:20:00:00,874
16/Mar/2021:21:00:00,247
16/Mar/2021:22:00:00,221
16/Mar/2021:23:00:00,164
17/Mar/2021:00:00:00,17946
17/Mar/2021:01:00:00,439
17/Mar/2021:02:00:00,412
17/Mar/2021:03:00:00,118
17/Mar/2021:04:00:00,42
17/Mar/2021:05:00:00,36
17/Mar/2021:06:00:00,2
17/Mar/2021:07:00:00,3
17/Mar/2021:08:00:00,1163
17/Mar/2021:09:00:00,161
17/Mar/2021:10:00:00,929
17/Mar/2021:11:00:00,476
17/Mar/2021:12:00:00,303
17/Mar/2021:13:00:00,692
17/Mar/2021:14:00:00,528
17/Mar/2021:15:00:00,1173
17/Mar/2021:16:00:00,375
17/Mar/2021:17:00:00,1548
17/Mar/2021:18:00:00,794
17/Mar/2021:19:00:00,1202
17/Mar/2021:20:00:00,1534
17/Mar/2021:21:00:00,330
17/Mar/2021:22:00:00,535
17/Mar/2021:23:00:00,253
18/Mar/2021:00:00:00,54
18/Mar/2021:01:00:00,0
18/Mar/2021:02:00:00,0
18/Mar/2021:03:00:00,0
18/Mar/2021:04:00:00,0
18/Mar/2021:05:00:00,0
18/Mar/2021:06:00:00,0
18/Mar/2021:07:00:00,0
18/Mar/2021:08:00:00,0
18/Mar/2021:09:00:00,0
18/Mar/2021:10:00:00,0
18/Mar/2021:11:00:00,0
18/Mar/2021:12:00:00,870
18/Mar/2021:13:00:00,0
18/Mar/2021:14:00:00,0
18/Mar/2021:15:00:00,647
18/Mar/2021:16:00:00,244
18/Mar/2021:17:00:00,1014
18/Mar/2021:18:00:00,6094
18/Mar/2021:19:00:00,1466
18/Mar/2021:20:00:00,935
18/Mar/2021:21:00:00,282
18/Mar/2021:22:00:00,687
18/Mar/2021:23:00:00,707
19/Mar/2021:00:00:00,639
19/Mar/2021:01:00:00,1029
19/Mar/2021:02:00:00,434
19/Mar/2021:03:00:00,521
19/Mar/2021:04:00:00,60
19/Mar/2021:05:00:00,41
19/Mar/2021:06:00:00,164
19/Mar/2021:07:00:00,112
19/Mar/2021:08:00:00,870
19/Mar/2021:09:00:00,263
19/Mar/2021:10:00:00,675
19/Mar/2021:11:00:00,636
19/Mar/2021:12:00:00,550
19/Mar/2021:13:00:00,269
19/Mar/2021:14:00:00,745
19/Mar/2021:15:00:00,126
19/Mar/2021:16:00:00,267
19/Mar/2021:17:00:00,284
19/Mar/2021:18:00:00,2032
19/Mar/2021:19:00:00,1869
19/Mar/2021:20:00:00,1958
19/Mar/2021:21:00:00,2676
19/Mar/2021:22:00:00,3207
19/Mar/2021:23:00:00,173
20/Mar/2021:00:00:00,208
20/Mar/2021:01:00:00,305
20/Mar/2021:02:00:00,212
20/Mar/2021:03:00:00,0
20/Mar/2021:04:00:00,2
20/Mar/2021:05:00:00,80
20/Mar/2021:06:00:00,48
20/Mar/2021:07:00:00,30
20/Mar/2021:08:00:00,870
20/Mar/2021:09:00:00,6
20/Mar/2021:10:00:00,465
20/Mar/2021:11:00:00,28
20/Mar/2021:12:00:00,337
20/Mar/2021:13:00:00,174
20/Mar/2021:14:00:00,290
20/Mar/2021:15:00:00,1022
20/Mar/2021:16:00:00,169
20/Mar/2021:17:00:00,7
20/Mar/2021:18:00:00,40
20/Mar/2021:19:00:00,355
20/Mar/2021:20:00:00,631
20/Mar/2021:21:00:00,565
20/Mar/2021:22:00:00,174
20/Mar/2021:23:00:00,405
21/Mar/2021:00:00:00,274
21/Mar/2021:01:00:00,916
21/Mar/2021:02:00:00,184
21/Mar/2021:03:00:00,465
21/Mar/2021:04:00:00,201
21/Mar/2021:05:00:00,1
21/Mar/2021:06:00:00,124
21/Mar/2021:07:00:00,40
21/Mar/2021:08:00:00,951
21/Mar/2021:09:00:00,921
21/Mar/2021:10:00:00,605
21/Mar/2021:11:00:00,791
21/Mar/2021:12:00:00,602
21/Mar/2021:13:00:00,98
21/Mar/2021:14:00:00,42
21/Mar/2021:15:00:00,571
21/Mar/2021:16:00:00,1023
21/Mar/2021:17:00:00,406
21/Mar/2021:18:00:00,265
21/Mar/2021:19:00:00,89
21/Mar/2021:20:00:00,406
21/Mar/2021:21:00:00,916
21/Mar/2021:22:00:00,1167
21/Mar/2021:23:00:00,434
22/Mar/2021:00:00:00,180
22/Mar/2021:01:00:00,217
22/Mar/2021:02:00:00,56
22/Mar/2021:03:00:00,61
22/Mar/2021:04:00:00,177
22/Mar/2021:05:00:00,89
22/Mar/2021:06:00:00,70
22/Mar/2021:07:00:00,0
22/Mar/2021:08:00:00,364
22/Mar/2021:09:00:00,95
22/Mar/2021:10:00:00,2953
22/Mar/2021:11:00:00,374
22/Mar/2021:12:00:00,970
22/Mar/2021:13:00:00,753
22/Mar/2021:14:00:00,222
22/Mar/2021:15:00:00,665
22/Mar/2021:16:00:00,890
22/Mar/2021:17:00:00,3993
22/Mar/2021:18:00:00,1360
22/Mar/2021:19:00:00,1104
22/Mar/2021:20:00:00,852
22/Mar/2021:21:00:00,10
22/Mar/2021:22:00:00,0
22/Mar/2021:23:00:00,30
23/Mar/2021:00:00:00,59
23/Mar/2021:01:00:00,125
23/Mar/2021:02:00:00,98
23/Mar/2021:03:00:00,130
23/Mar/2021:04:00:00,160
23/Mar/2021:05:00:00,78
23/Mar/2021:06:00:00,8
23/Mar/2021:07:00:00,0
23/Mar/2021:08:00:00,0
23/Mar/2021:09:00:00,0
23/Mar/2021:10:00:00,64
23/Mar/2021:11:00:00,20
23/Mar/2021:12:00:00,272
23/Mar/2021:13:00:00,452
23/Mar/2021:14:00:00,305
23/Mar/2021:15:00:00,59
23/Mar/2021:16:00:00,98
23/Mar/2021:17:00:00,103
23/Mar/2021:18:00:00,48
23/Mar/2021:19:00:00,0
23/Mar/2021:20:00:00,340
23/Mar/2021:21:00:00,153
23/Mar/2021:22:00:00,88
23/Mar/2021:23:00:00,100
24/Mar/2021:00:00:00,356
24/Mar/2021:01:00:00,742
24/Mar/2021:02:00:00,100
24/Mar/2021:03:00:00,56
24/Mar/2021:04:00:00,0
24/Mar/2021:05:00:00,0
24/Mar/2021:06:00:00,0
24/Mar/2021:07:00:00,0
24/Mar/2021:08:00:00,0
24/Mar/2021:09:00:00,1
24/Mar/2021:10:00:00,18
24/Mar/2021:11:00:00,169
24/Mar/2021:12:00:00,104
24/Mar/2021:13:00:00,31
24/Mar/2021:14:00:00,146
24/Mar/2021:15:00:00,374
24/Mar/2021:16:00:00,138
24/Mar/2021:17:00:00,32
24/Mar/2021:18:00:00,41
24/Mar/2021:19:00:00,217
24/Mar/2021:20:00:00,242
24/Mar/2021:21:00:00,40
24/Mar/2021:22:00:00,89
24/Mar/2021:23:00:00,40
25/Mar/2021:00:00:00,100
25/Mar/2021:01:00:00,84
25/Mar/2021:02:00:00,136
25/Mar/2021:03:00:00,22
25/Mar/2021:04:00:00,100
25/Mar/2021:05:00:00,35
25/Mar/2021:06:00:00,0
25/Mar/2021:07:00:00,0
25/Mar/2021:08:00:00,16
25/Mar/2021:09:00:00,80
25/Mar/2021:10:00:00,322
25/Mar/2021:11:00:00,0
25/Mar/2021:12:00:00,148
25/Mar/2021:13:00:00,384
25/Mar/2021:14:00:00,100
25/Mar/2021:15:00:00,44
25/Mar/2021:16:00:00,191
25/Mar/2021:17:00:00,104
25/Mar/2021:18:00:00,110
25/Mar/2021:19:00:00,23
25/Mar/2021:20:00:00,219
25/Mar/2021:21:00:00,68
25/Mar/2021:22:00:00,32
25/Mar/2021:23:00:00,98
26/Mar/2021:00:00:00,102
26/Mar/2021:01:00:00,316
26/Mar/2021:02:00:00,0
26/Mar/2021:03:00:00,64
26/Mar/2021:04:00:00,0
26/Mar/2021:05:00:00,4
26/Mar/2021:06:00:00,0
26/Mar/2021:07:00:00,0
26/Mar/2021:08:00:00,0
26/Mar/2021:09:00:00,54
26/Mar/2021:10:00:00,82
26/Mar/2021:11:00:00,47
26/Mar/2021:12:00:00,24
26/Mar/2021:13:00:00,145
26/Mar/2021:14:00:00,86
26/Mar/2021:15:00:00,106
26/Mar/2021:16:00:00,25
26/Mar/2021:17:00:00,150
26/Mar/2021:18:00:00,20
26/Mar/2021:19:00:00,5
26/Mar/2021:20:00:00,14
26/Mar/2021:21:00:00,22
26/Mar/2021:22:00:00,16
26/Mar/2021:23:00:00,95
27/Mar/2021:00:00:00,142
27/Mar/2021:01:00:00,48
27/Mar/2021:02:00:00,85
27/Mar/2021:03:00:00,1
27/Mar/2021:04:00:00,200
27/Mar/2021:05:00:00,0
27/Mar/2021:06:00:00,0
27/Mar/2021:07:00:00,4
27/Mar/2021:08:00:00,0
27/Mar/2021:09:00:00,0
27/Mar/2021:10:00:00,0
27/Mar/2021:11:00:00,40
27/Mar/2021:12:00:00,5
27/Mar/2021:13:00:00,138
27/Mar/2021:14:00:00,51
27/Mar/2021:15:00:00,0
27/Mar/2021:16:00:00,61
27/Mar/2021:17:00:00,120
27/Mar/2021:18:00:00,281
27/Mar/2021:19:00:00,124
27/Mar/2021:20:00:00,72
27/Mar/2021:21:00:00,49
27/Mar/2021:22:00:00,84
27/Mar/2021:23:00:00,120
28/Mar/2021:00:00:00,44
28/Mar/2021:01:00:00,101
28/Mar/2021:02:00:00,98
28/Mar/2021:03:00:00,1
28/Mar/2021:04:00:00,0
28/Mar/2021:05:00:00,0
28/Mar/2021:06:00:00,0
28/Mar/2021:07:00:00,0
28/Mar/2021:08:00:00,0
28/Mar/2021:09:00:00,40
28/Mar/2021:10:00:00,20
28/Mar/2021:11:00:00,26
28/Mar/2021:12:00:00,218
28/Mar/2021:13:00:00,44
28/Mar/2021:14:00:00,64
28/Mar/2021:15:00:00,152
28/Mar/2021:16:00:00,440
28/Mar/2021:17:00:00,0
28/Mar/2021:18:00:00,170
28/Mar/2021:19:00:00,130
28/Mar/2021:20:00:00,4
28/Mar/2021:21:00:00,100
28/Mar/2021:22:00:00,84
28/Mar/2021:23:00:00,162
29/Mar/2021:00:00:00,64
29/Mar/2021:01:00:00,65
29/Mar/2021:02:00:00,138
29/Mar/2021:03:00:00,84
29/Mar/2021:04:00:00,0
29/Mar/2021:05:00:00,64
29/Mar/2021:06:00:00,64
29/Mar/2021:07:00:00,0
29/Mar/2021:08:00:00,0
29/Mar/2021:09:00:00,0
29/Mar/2021:10:00:00,5
29/Mar/2021:11:00:00,35
29/Mar/2021:12:00:00,60
29/Mar/2021:13:00:00,0
29/Mar/2021:14:00:00,0
29/Mar/2021:15:00:00,0
29/Mar/2021:16:00:00,270
29/Mar/2021:17:00:00,3158
29/Mar/2021:18:00:00,688
29/Mar/2021:19:00:00,456
29/Mar/2021:20:00:00,454
29/Mar/2021:21:00:00,59
29/Mar/2021:22:00:00,144
29/Mar/2021:23:00:00,136
30/Mar/2021:00:00:00,320
30/Mar/2021:01:00:00,11
30/Mar/2021:02:00:00,90
30/Mar/2021:03:00:00,498
30/Mar/2021:04:00:00,412
30/Mar/2021:05:00:00,24
30/Mar/2021:06:00:00,2
30/Mar/2021:07:00:00,53
30/Mar/2021:08:00:00,144
30/Mar/2021:09:00:00,4
30/Mar/2021:10:00:00,111
30/Mar/2021:11:00:00,119
30/Mar/2021:12:00:00,571
30/Mar/2021:13:00:00,84
30/Mar/2021:14:00:00,200
30/Mar/2021:15:00:00,361
30/Mar/2021:16:00:00,67
30/Mar/2021:17:00:00,82
30/Mar/2021:18:00:00,70
30/Mar/2021:19:00:00,209
30/Mar/2021:20:00:00,72
30/Mar/2021:21:00:00,33
30/Mar/2021:22:00:00,160
30/Mar/2021:23:00:00,252
31/Mar/2021:00:00:00,49
31/Mar/2021:01:00:00,1
31/Mar/2021:02:00:00,4
31/Mar/2021:03:00:00,4
31/Mar/2021:04:00:00,0
31/Mar/2021:05:00:00,40
31/Mar/2021:06:00:00,0
31/Mar/2021:07:00:00,8
31/Mar/2021:08:00:00,104
31/Mar/2021:09:00:00,1
31/Mar/2021:10:00:00,21
31/Mar/2021:11:00:00,53
31/Mar/2021:12:00:00,163
31/Mar/2021:13:00:00,321
31/Mar/2021:14:00:00,110
31/Mar/2021:15:00:00,277
31/Mar/2021:16:00:00,77
31/Mar/2021:17:00:00,84
31/Mar/2021:18:00:00,841
31/Mar/2021:19:00:00,38
31/Mar/2021:20:00:00,1208
31/Mar/2021:21:00:00,140
31/Mar/2021:22:00:00,112
31/Mar/2021:23:00:00,55
01/Apr/2021:00:00:00,113
01/Apr/2021:01:00:00,142
01/Apr/2021:02:00:00,116
01/Apr/2021:03:00:00,292
01/Apr/2021:04:00:00,50
01/Apr/2021:05:00:00,0
01/Apr/2021:06:00:00,15
01/Apr/2021:07:00:00,0
01/Apr/2021:08:00:00,120
01/Apr/2021:09:00:00,1
01/Apr/2021:10:00:00,172
01/Apr/2021:11:00:00,666
01/Apr/2021:12:00:00,108
01/Apr/2021:13:00:00,32
01/Apr/2021:14:00:00,39
01/Apr/2021:15:00:00,195
01/Apr/2021:16:00:00,253
01/Apr/2021:17:00:00,205
01/Apr/2021:18:00:00,68
01/Apr/2021:19:00:00,45
01/Apr/2021:20:00:00,37
01/Apr/2021:21:00:00,44
01/Apr/2021:22:00:00,55
01/Apr/2021:23:00:00,97
02/Apr/2021:00:00:00,310
02/Apr/2021:01:00:00,145
02/Apr/2021:02:00:00,13
02/Apr/2021:03:00:00,1
02/Apr/2021:04:00:00,120
02/Apr/2021:05:00:00,40
02/Apr/2021:06:00:00,172
02/Apr/2021:07:00:00,20
02/Apr/2021:08:00:00,0
02/Apr/2021:09:00:00,100
02/Apr/2021:10:00:00,33
02/Apr/2021:11:00:00,24
02/Apr/2021:12:00:00,40
02/Apr/2021:13:00:00,4
02/Apr/2021:14:00:00,67
02/Apr/2021:15:00:00,237
02/Apr/2021:16:00:00,83
02/Apr/2021:17:00:00,31
02/Apr/2021:18:00:00,261
02/Apr/2021:19:00:00,468
02/Apr/2021:20:00:00,288
02/Apr/2021:21:00:00,208
02/Apr/2021:22:00:00,0
02/Apr/2021:23:00:00,72
03/Apr/2021:00:00:00,54
03/Apr/2021:01:00:00,129
03/Apr/2021:02:00:00,221
03/Apr/2021:03:00:00,20
03/Apr/2021:04:00:00,272
03/Apr/2021:05:00:00,20
03/Apr/2021:06:00:00,40
03/Apr/2021:07:00:00,240
03/Apr/2021:08:00:00,60
03/Apr/2021:09:00:00,0
03/Apr/2021:10:00:00,208
03/Apr/2021:11:00:00,62
03/Apr/2021:12:00:00,0
03/Apr/2021:13:00:00,50
03/Apr/2021:14:00:00,56
03/Apr/2021:15:00:00,10
03/Apr/2021:16:00:00,124
03/Apr/2021:17:00:00,210
03/Apr/2021:18:00:00,324
03/Apr/2021:19:00:00,21
03/Apr/2021:20:00:00,4
03/Apr/2021:21:00:00,121
03/Apr/2021:22:00:00,84
03/Apr/2021:23:00:00,268
04/Apr/2021:00:00:00,114
04/Apr/2021:01:00:00,181
04/Apr/2021:02:00:00,41
04/Apr/2021:03:00:00,4
04/Apr/2021:04:00:00,40
04/Apr/2021:05:00:00,61
04/Apr/2021:06:00:00,191
04/Apr/2021:07:00:00,0
04/Apr/2021:08:00:00,0
04/Apr/2021:09:00:00,132
04/Apr/2021:10:00:00,4
04/Apr/2021:11:00:00,42
04/Apr/2021:12:00:00,3
04/Apr/2021:13:00:00,340
04/Apr/2021:14:00:00,231
04/Apr/2021:15:00:00,10
04/Apr/2021:16:00:00,96
04/Apr/2021:17:00:00,25
04/Apr/2021:18:00:00,100
04/Apr/2021:19:00:00,277
04/Apr/2021:20:00:00,1381
04/Apr/2021:21:00:00,24
04/Apr/2021:22:00:00,94
04/Apr/2021:23:00:00,176
05/Apr/2021:00:00:00,195
05/Apr/2021:01:00:00,111
05/Apr/2021:02:00:00,88
05/Apr/2021:03:00:00,0
05/Apr/2021:04:00:00,264
05/Apr/2021:05:00:00,96
05/Apr/2021:06:00:00,36
05/Apr/2021:07:00:00,164
05/Apr/2021:08:00:00,101
05/Apr/2021:09:00:00,10
05/Apr/2021:10:00:00,90
05/Apr/2021:11:00:00,224
05/Apr/2021:12:00:00,258
05/Apr/2021:13:00:00,96
05/Apr/2021:14:00:00,276
05/Apr/2021:15:00:00,96
05/Apr/2021:16:00:00,807
05/Apr/2021:17:00:00,148
05/Apr/2021:18:00:00,1
05/Apr/2021:19:00:00,1582
05/Apr/2021:20:00:00,85
05/Apr/2021:21:00:00,236
05/Apr/2021:22:00:00,597
05/Apr/2021:23:00:00,153
06/Apr/2021:00:00:00,597
06/Apr/2021:01:00:00,130
06/Apr/2021:02:00:00,234
06/Apr/2021:03:00:00,64
06/Apr/2021:04:00:00,112
06/Apr/2021:05:00:00,117
06/Apr/2021:06:00:00,25
06/Apr/2021:07:00:00,0
06/Apr/2021:08:00:00,261
06/Apr/2021:09:00:00,69
06/Apr/2021:10:00:00,603
06/Apr/2021:11:00:00,557
06/Apr/2021:12:00:00,96
06/Apr/2021:13:00:00,666
06/Apr/2021:14:00:00,190
06/Apr/2021:15:00:00,3903
06/Apr/2021:16:00:00,1729
06/Apr/2021:17:00:00,466
06/Apr/2021:18:00:00,289
06/Apr/2021:19:00:00,1464
06/Apr/2021:20:00:00,159
06/Apr/2021:21:00:00,532
06/Apr/2021:22:00:00,1138
06/Apr/2021:23:00:00,490
07/Apr/2021:00:00:00,354
07/Apr/2021:01:00:00,186
07/Apr/2021:02:00:00,46
07/Apr/2021:03:00:00,0
07/Apr/2021:04:00:00,1
07/Apr/2021:05:00:00,135
07/Apr/2021:06:00:00,315
07/Apr/2021:07:00:00,20
07/Apr/2021:08:00:00,541
07/Apr/2021:09:00:00,1531
07/Apr/2021:10:00:00,59
07/Apr/2021:11:00:00,72
07/Apr/2021:12:00:00,583
07/Apr/2021:13:00:00,348
07/Apr/2021:14:00:00,124
07/Apr/2021:15:00:00,212
07/Apr/2021:16:00:00,437
07/Apr/2021:17:00:00,151
07/Apr/2021:18:00:00,101
07/Apr/2021:19:00:00,122
07/Apr/2021:20:00:00,61
07/Apr/2021:21:00:00,334
07/Apr/2021:22:00:00,389
07/Apr/2021:23:00:00,4678
08/Apr/2021:00:00:00,606
08/Apr/2021:01:00:00,381
08/Apr/2021:02:00:00,1343
08/Apr/2021:03:00:00,64
08/Apr/2021:04:00:00,1150
08/Apr/2021:05:00:00,59
08/Apr/2021:06:00:00,30
08/Apr/2021:07:00:00,1
08/Apr/2021:08:00:00,289
08/Apr/2021:09:00:00,28
08/Apr/2021:10:00:00,704
08/Apr/2021:11:00:00,790
08/Apr/2021:12:00:00,1116
08/Apr/2021:13:00:00,827
08/Apr/2021:14:00:00,730
08/Apr/2021:15:00:00,1064
08/Apr/2021:16:00:00,1220
08/Apr/2021:17:00:00,769
08/Apr/2021:18:00:00,395
08/Apr/2021:19:00:00,45
08/Apr/2021:20:00:00,129
08/Apr/2021:21:00:00,2623
08/Apr/2021:22:00:00,731
08/Apr/2021:23:00:00,757
09/Apr/2021:00:00:00,674
09/Apr/2021:01:00:00,679
09/Apr/2021:02:00:00,144
09/Apr/2021:03:00:00,15
09/Apr/2021:04:00:00,328
09/Apr/2021:05:00:00,0
09/Apr/2021:06:00:00,480
09/Apr/2021:07:00:00,0
09/Apr/2021:08:00:00,67
09/Apr/2021:09:00:00,33
09/Apr/2021:10:00:00,509
09/Apr/2021:11:00:00,1095
09/Apr/2021:12:00:00,304
09/Apr/2021:13:00:00,1229
09/Apr/2021:14:00:00,429
09/Apr/2021:15:00:00,1274
09/Apr/2021:16:00:00,180
09/Apr/2021:17:00:00,259
09/Apr/2021:18:00:00,369
09/Apr/2021:19:00:00,50
09/Apr/2021:20:00:00,16
09/Apr/2021:21:00:00,192
09/Apr/2021:22:00:00,2582
09/Apr/2021:23:00:00,313
10/Apr/2021:00:00:00,788
10/Apr/2021:01:00:00,189
10/Apr/2021:02:00:00,4
10/Apr/2021:03:00:00,145
10/Apr/2021:04:00:00,35
10/Apr/2021:05:00:00,0
10/Apr/2021:06:00:00,60
10/Apr/2021:07:00:00,0
10/Apr/2021:08:00:00,83
10/Apr/2021:09:00:00,427
10/Apr/2021:10:00:00,96
10/Apr/2021:11:00:00,41
10/Apr/2021:12:00:00,1058
10/Apr/2021:13:00:00,2660
10/Apr/2021:14:00:00,1205
10/Apr/2021:15:00:00,509
10/Apr/2021:16:00:00,750
10/Apr/2021:17:00:00,409
10/Apr/2021:18:00:00,708
10/Apr/2021:19:00:00,637
10/Apr/2021:20:00:00,100
10/Apr/2021:21:00:00,224
10/Apr/2021:22:00:00,224
10/Apr/2021:23:00:00,548
11/Apr/2021:00:00:00,1149
11/Apr/2021:01:00:00,39
11/Apr/2021:02:00:00,1220
11/Apr/2021:03:00:00,120
11/Apr/2021:04:00:00,30
11/Apr/2021:05:00:00,0
11/Apr/2021:06:00:00,0
11/Apr/2021:07:00:00,40
11/Apr/2021:08:00:00,42
11/Apr/2021:09:00:00,197
11/Apr/2021:10:00:00,320
11/Apr/2021:11:00:00,2021
11/Apr/2021:12:00:00,2050
11/Apr/2021:13:00:00,174
11/Apr/2021:14:00:00,121
11/Apr/2021:15:00:00,861
11/Apr/2021:16:00:00,903
11/Apr/2021:17:00:00,400
11/Apr/2021:18:00:00,380
11/Apr/2021:19:00:00,272
11/Apr/2021:20:00:00,250
11/Apr/2021:21:00:00,325
11/Apr/2021:22:00:00,160
11/Apr/2021:23:00:00,680
12/Apr/2021:00:00:00,724
12/Apr/2021:01:00:00,143
12/Apr/2021:02:00:00,1366
12/Apr/2021:03:00:00,249
12/Apr/2021:04:00:00,53
12/Apr/2021:05:00:00,9
12/Apr/2021:06:00:00,0
12/Apr/2021:07:00:00,5
12/Apr/2021:08:00:00,5
12/Apr/2021:09:00:00,18
12/Apr/2021:10:00:00,158
12/Apr/2021:11:00:00,544
12/Apr/2021:12:00:00,642
12/Apr/2021:13:00:00,1018
12/Apr/2021:14:00:00,120
12/Apr/2021:15:00:00,574
12/Apr/2021:16:00:00,985
12/Apr/2021:17:00:00,969
12/Apr/2021:18:00:00,514
12/Apr/2021:19:00:00,440
12/Apr/2021:20:00:00,348
12/Apr/2021:21:00:00,68
12/Apr/2021:22:00:00,5
12/Apr/2021:23:00:00,176
13/Apr/2021:00:00:00,184
13/Apr/2021:01:00:00,81
13/Apr/2021:02:00:00,243
13/Apr/2021:03:00:00,0
13/Apr/2021:04:00:00,1
13/Apr/2021:05:00:00,0
13/Apr/2021:06:00:00,5
13/Apr/2021:07:00:00,0
13/Apr/2021:08:00:00,0
13/Apr/2021:09:00:00,0
13/Apr/2021:10:00:00,21
13/Apr/2021:11:00:00,116
13/Apr/2021:12:00:00,103
13/Apr/2021:13:00:00,71
13/Apr/2021:14:00:00,111
13/Apr/2021:15:00:00,188
13/Apr/2021:16:00:00,89
13/Apr/2021:17:00:00,212
13/Apr/2021:18:00:00,0
13/Apr/2021:19:00:00,64
13/Apr/2021:20:00:00,70
13/Apr/2021:21:00:00,90
13/Apr/2021:22:00:00,181
13/Apr/2021:23:00:00,261
14/Apr/2021:00:00:00,70
14/Apr/2021:01:00:00,28
14/Apr/2021:02:00:00,0
14/Apr/2021:03:00:00,0
14/Apr/2021:04:00:00,0
14/Apr/2021:05:00:00,20
14/Apr/2021:06:00:00,0
14/Apr/2021:07:00:00,0
14/Apr/2021:08:00:00,40
14/Apr/2021:09:00:00,137
14/Apr/2021:10:00:00,32
14/Apr/2021:11:00:00,134
14/Apr/2021:12:00:00,192
14/Apr/2021:13:00:00,16
14/Apr/2021:14:00:00,220
14/Apr/2021:15:00:00,20
14/Apr/2021:16:00:00,118
14/Apr/2021:17:00:00,34
14/Apr/2021:18:00:00,91
14/Apr/2021:19:00:00,100
14/Apr/2021:20:00:00,130
14/Apr/2021:21:00:00,0
14/Apr/2021:22:00:00,45
14/Apr/2021:23:00:00,56
15/Apr/2021:00:00:00,0
15/Apr/2021:01:00:00,0
15/Apr/2021:02:00:00,0
15/Apr/2021:03:00:00,0
15/Apr/2021:04:00:00,0
15/Apr/2021:05:00:00,0
15/Apr/2021:06:00:00,0
15/Apr/2021:07:00:00,0
15/Apr/2021:08:00:00,0
15/Apr/2021:09:00:00,0
15/Apr/2021:10:00:00,0
15/Apr/2021:11:00:00,0
15/Apr/2021:12:00:00,0
15/Apr/2021:13:00:00,8
15/Apr/2021:14:00:00,0
15/Apr/2021:15:00:00,0
15/Apr/2021:16:00:00,0
15/Apr/2021:17:00:00,370
15/Apr/2021:18:00:00,665
15/Apr/2021:19:00:00,87
15/Apr/2021:20:00:00,97
15/Apr/2021:21:00:00,238
15/Apr/2021:22:00:00,430
15/Apr/2021:23:00:00,454
16/Apr/2021:00:00:00,170
16/Apr/2021:01:00:00,22
16/Apr/2021:02:00:00,188
16/Apr/2021:03:00:00,615
16/Apr/2021:04:00:00,524
16/Apr/2021:05:00:00,64
16/Apr/2021:06:00:00,16
16/Apr/2021:07:00:00,0
16/Apr/2021:08:00:00,40
16/Apr/2021:09:00:00,1
16/Apr/2021:10:00:00,24
16/Apr/2021:11:00:00,44
16/Apr/2021:12:00:00,203
16/Apr/2021:13:00:00,63
16/Apr/2021:14:00:00,338
16/Apr/2021:15:00:00,677
16/Apr/2021:16:00:00,483
16/Apr/2021:17:00:00,142
16/Apr/2021:18:00:00,328
16/Apr/2021:19:00:00,194
16/Apr/2021:20:00:00,159
16/Apr/2021:21:00:00,48
16/Apr/2021:22:00:00,1008
16/Apr/2021:23:00:00,229
17/Apr/2021:00:00:00,240
17/Apr/2021:01:00:00,180
17/Apr/2021:02:00:00,220
17/Apr/2021:03:00:00,54
17/Apr/2021:04:00:00,112
17/Apr/2021:05:00:00,337
17/Apr/2021:06:00:00,0
17/Apr/2021:07:00:00,0
17/Apr/2021:08:00:00,1
17/Apr/2021:09:00:00,121
17/Apr/2021:10:00:00,656
17/Apr/2021:11:00:00,400
17/Apr/2021:12:00:00,150
17/Apr/2021:13:00:00,102
17/Apr/2021:14:00:00,362
17/Apr/2021:15:00:00,176
17/Apr/2021:16:00:00,198
17/Apr/2021:17:00:00,208
17/Apr/2021:18:00:00,322
17/Apr/2021:19:00:00,77
17/Apr/2021:20:00:00,552
17/Apr/2021:21:00:00,324
17/Apr/2021:22:00:00,794
17/Apr/2021:23:00:00,314
18/Apr/2021:00:00:00,262
18/Apr/2021:01:00:00,589
18/Apr/2021:02:00:00,0
18/Apr/2021:03:00:00,4
18/Apr/2021:04:00:00,0
18/Apr/2021:05:00:00,303
18/Apr/2021:06:00:00,0
18/Apr/2021:07:00:00,0
18/Apr/2021:08:00:00,0
18/Apr/2021:09:00:00,364
18/Apr/2021:10:00:00,380
18/Apr/2021:11:00:00,151
18/Apr/2021:12:00:00,388
18/Apr/2021:13:00:00,100
18/Apr/2021:14:00:00,110
18/Apr/2021:15:00:00,365
18/Apr/2021:16:00:00,80
18/Apr/2021:17:00:00,114
18/Apr/2021:18:00:00,709
18/Apr/2021:19:00:00,320
18/Apr/2021:20:00:00,89
18/Apr/2021:21:00:00,185
18/Apr/2021:22:00:00,40
18/Apr/2021:23:00:00,50
19/Apr/2021:00:00:00,104
19/Apr/2021:01:00:00,317
19/Apr/2021:02:00:00,312
19/Apr/2021:03:00:00,144
19/Apr/2021:04:00:00,20
19/Apr/2021:05:00:00,0
19/Apr/2021:06:00:00,0
19/Apr/2021:07:00:00,0
19/Apr/2021:08:00:00,0
19/Apr/2021:09:00:00,153
19/Apr/2021:10:00:00,150
19/Apr/2021:11:00:00,141
19/Apr/2021:12:00:00,1081
19/Apr/2021:13:00:00,272
19/Apr/2021:14:00:00,468
19/Apr/2021:15:00:00,375
19/Apr/2021:16:00:00,388
19/Apr/2021:17:00:00,75
19/Apr/2021:18:00:00,140
19/Apr/2021:19:00:00,425
19/Apr/2021:20:00:00,59
19/Apr/2021:21:00:00,518
19/Apr/2021:22:00:00,664
19/Apr/2021:23:00:00,1458
20/Apr/2021:00:00:00,285
20/Apr/2021:01:00:00,383
20/Apr/2021:02:00:00,120
20/Apr/2021:03:00:00,361
20/Apr/2021:04:00:00,20
20/Apr/2021:05:00:00,0
20/Apr/2021:06:00:00,20
20/Apr/2021:07:00:00,4
20/Apr/2021:08:00:00,78
20/Apr/2021:09:00:00,2849
20/Apr/2021:10:00:00,94
20/Apr/2021:11:00:00,416
20/Apr/2021:12:00:00,3792
20/Apr/2021:13:00:00,474
20/Apr/2021:14:00:00,172
20/Apr/2021:15:00:00,726
20/Apr/2021:16:00:00,895
20/Apr/2021:17:00:00,2742
20/Apr/2021:18:00:00,482
20/Apr/2021:19:00:00,1932
20/Apr/2021:20:00:00,1276
20/Apr/2021:21:00:00,1516
20/Apr/2021:22:00:00,733
20/Apr/2021:23:00:00,296
21/Apr/2021:00:00:00,1012
21/Apr/2021:01:00:00,1092
21/Apr/2021:02:00:00,396
21/Apr/2021:03:00:00,520
21/Apr/2021:04:00:00,732
21/Apr/2021:05:00:00,716
21/Apr/2021:06:00:00,292
21/Apr/2021:07:00:00,504
21/Apr/2021:08:00:00,742
21/Apr/2021:09:00:00,950
21/Apr/2021:10:00:00,882
21/Apr/2021:11:00:00,1300
21/Apr/2021:12:00:00,986
21/Apr/2021:13:00:00,1126
21/Apr/2021:14:00:00,893
21/Apr/2021:15:00:00,1425
21/Apr/2021:16:00:00,913
21/Apr/2021:17:00:00,1098
21/Apr/2021:18:00:00,1509
21/Apr/2021:19:00:00,790
21/Apr/2021:20:00:00,577
21/Apr/2021:21:00:00,1116
21/Apr/2021:22:00:00,1075
21/Apr/2021:23:00:00,817
22/Apr/2021:00:00:00,949
22/Apr/2021:01:00:00,3413
22/Apr/2021:02:00:00,337
22/Apr/2021:03:00:00,772
22/Apr/2021:04:00:00,724
22/Apr/2021:05:00:00,708
22/Apr/2021:06:00:00,412
22/Apr/2021:07:00:00,600
22/Apr/2021:08:00:00,868
22/Apr/2021:09:00:00,665
22/Apr/2021:10:00:00,1539
22/Apr/2021:11:00:00,1006
22/Apr/2021:12:00:00,1120
22/Apr/2021:13:00:00,797
22/Apr/2021:14:00:00,772
22/Apr/2021:15:00:00,665
22/Apr/2021:16:00:00,1471
22/Apr/2021:17:00:00,441
22/Apr/2021:18:00:00,89
22/Apr/2021:19:00:00,527
22/Apr/2021:20:00:00,848
22/Apr/2021:21:00:00,441
22/Apr/2021:22:00:00,2733
22/Apr/2021:23:00:00,2300
23/Apr/2021:00:00:00,724
23/Apr/2021:01:00:00,303
23/Apr/2021:02:00:00,490
23/Apr/2021:03:00:00,151
23/Apr/2021:04:00:00,672
23/Apr/2021:05:00:00,477
23/Apr/2021:06:00:00,1
23/Apr/2021:07:00:00,224
23/Apr/2021:08:00:00,329
23/Apr/2021:09:00:00,98
23/Apr/2021:10:00:00,623
23/Apr/2021:11:00:00,605
23/Apr/2021:12:00:00,517
23/Apr/2021:13:00:00,287
23/Apr/2021:14:00:00,364
23/Apr/2021:15:00:00,697
23/Apr/2021:16:00:00,883
23/Apr/2021:17:00:00,711
23/Apr/2021:18:00:00,1137
23/Apr/2021:19:00:00,1326
23/Apr/2021:20:00:00,405
23/Apr/2021:21:00:00,495
23/Apr/2021:22:00:00,1067
23/Apr/2021:23:00:00,3448
24/Apr/2021:00:00:00,857
24/Apr/2021:01:00:00,558
24/Apr/2021:02:00:00,541
24/Apr/2021:03:00:00,461
24/Apr/2021:04:00:00,425
24/Apr/2021:05:00:00,336
24/Apr/2021:06:00:00,512
24/Apr/2021:07:00:00,336
24/Apr/2021:08:00:00,684
24/Apr/2021:09:00:00,260
24/Apr/2021:10:00:00,520
24/Apr/2021:11:00:00,482
24/Apr/2021:12:00:00,783
24/Apr/2021:13:00:00,241
24/Apr/2021:14:00:00,470
24/Apr/2021:15:00:00,515
24/Apr/2021:16:00:00,356
24/Apr/2021:17:00:00,597
24/Apr/2021:18:00:00,293
24/Apr/2021:19:00:00,933
24/Apr/2021:20:00:00,297
24/Apr/2021:21:00:00,63
24/Apr/2021:22:00:00,449
24/Apr/2021:23:00:00,129
25/Apr/2021:00:00:00,172
25/Apr/2021:01:00:00,25
25/Apr/2021:02:00:00,5
25/Apr/2021:03:00:00,365
25/Apr/2021:04:00:00,375
25/Apr/2021:05:00:00,0
25/Apr/2021:06:00:00,44
25/Apr/2021:07:00:00,20
25/Apr/2021:08:00:00,1
25/Apr/2021:09:00:00,12
25/Apr/2021:10:00:00,464
25/Apr/2021:11:00:00,262
25/Apr/2021:12:00:00,73
25/Apr/2021:13:00:00,62
25/Apr/2021:14:00:00,1491
25/Apr/2021:15:00:00,198
25/Apr/2021:16:00:00,568
25/Apr/2021:17:00:00,712
25/Apr/2021:18:00:00,1044
25/Apr/2021:19:00:00,432
25/Apr/2021:20:00:00,320
25/Apr/2021:21:00:00,629
25/Apr/2021:22:00:00,866
25/Apr/2021:23:00:00,1910
26/Apr/2021:00:00:00,461
26/Apr/2021:01:00:00,703
26/Apr/2021:02:00:00,145
26/Apr/2021:03:00:00,531
26/Apr/2021:04:00:00,740
26/Apr/2021:05:00:00,488
26/Apr/2021:06:00:00,304
26/Apr/2021:07:00:00,775
26/Apr/2021:08:00:00,484
26/Apr/2021:09:00:00,490
26/Apr/2021:10:00:00,1199
26/Apr/2021:11:00:00,569
26/Apr/2021:12:00:00,1399
26/Apr/2021:13:00:00,562
26/Apr/2021:14:00:00,478
26/Apr/2021:15:00:00,1809
26/Apr/2021:16:00:00,272
26/Apr/2021:17:00:00,488
26/Apr/2021:18:00:00,400
26/Apr/2021:19:00:00,112
26/Apr/2021:20:00:00,702
26/Apr/2021:21:00:00,204
26/Apr/2021:22:00:00,48
26/Apr/2021:23:00:00,685
27/Apr/2021:00:00:00,619
27/Apr/2021:01:00:00,53
27/Apr/2021:02:00:00,83
27/Apr/2021:03:00:00,68
27/Apr/2021:04:00:00,4056
27/Apr/2021:05:00:00,0
27/Apr/2021:06:00:00,0
27/Apr/2021:07:00:00,0
27/Apr/2021:08:00:00,396
27/Apr/2021:09:00:00,38
27/Apr/2021:10:00:00,1173
27/Apr/2021:11:00:00,749
27/Apr/2021:12:00:00,462
27/Apr/2021:13:00:00,130
27/Apr/2021:14:00:00,63
27/Apr/2021:15:00:00,116
27/Apr/2021:16:00:00,214
27/Apr/2021:17:00:00,2056
27/Apr/2021:18:00:00,701
27/Apr/2021:19:00:00,910
27/Apr/2021:20:00:00,329
27/Apr/2021:21:00:00,1034
27/Apr/2021:22:00:00,515
27/Apr/2021:23:00:00,4964
28/Apr/2021:00:00:00,645
28/Apr/2021:01:00:00,566
28/Apr/2021:02:00:00,640
28/Apr/2021:03:00:00,517
28/Apr/2021:04:00:00,448
28/Apr/2021:05:00:00,744
28/Apr/2021:06:00:00,392
28/Apr/2021:07:00:00,652
28/Apr/2021:08:00:00,408
28/Apr/2021:09:00:00,881
28/Apr/2021:10:00:00,838
28/Apr/2021:11:00:00,2515
28/Apr/2021:12:00:00,517
28/Apr/2021:13:00:00,477
28/Apr/2021:14:00:00,626
28/Apr/2021:15:00:00,933
28/Apr/2021:16:00:00,816
28/Apr/2021:17:00:00,596
28/Apr/2021:18:00:00,1986
28/Apr/2021:19:00:00,1369
28/Apr/2021:20:00:00,892
28/Apr/2021:21:00:00,4127
28/Apr/2021:22:00:00,520
28/Apr/2021:23:00:00,502
29/Apr/2021:00:00:00,454
29/Apr/2021:01:00:00,557
29/Apr/2021:02:00:00,589
29/Apr/2021:03:00:00,332
29/Apr/2021:04:00:00,388
29/Apr/2021:05:00:00,424
29/Apr/2021:06:00:00,457
29/Apr/2021:07:00:00,338
29/Apr/2021:08:00:00,465
29/Apr/2021:09:00:00,524
29/Apr/2021:10:00:00,520
29/Apr/2021:11:00:00,996
29/Apr/2021:12:00:00,664
29/Apr/2021:13:00:00,894
29/Apr/2021:14:00:00,555
29/Apr/2021:15:00:00,569
29/Apr/2021:16:00:00,3484
29/Apr/2021:17:00:00,491
29/Apr/2021:18:00:00,591
29/Apr/2021:19:00:00,598
29/Apr/2021:20:00:00,909
29/Apr/2021:21:00:00,592
29/Apr/2021:22:00:00,4305
29/Apr/2021:23:00:00,1104
30/Apr/2021:00:00:00,328
30/Apr/2021:01:00:00,804
30/Apr/2021:02:00:00,590
30/Apr/2021:03:00:00,285
30/Apr/2021:04:00:00,626
30/Apr/2021:05:00:00,1026
30/Apr/2021:06:00:00,232
30/Apr/2021:07:00:00,384
30/Apr/2021:08:00:00,940
30/Apr/2021:09:00:00,754
30/Apr/2021:10:00:00,721
30/Apr/2021:11:00:00,308
30/Apr/2021:12:00:00,666
30/Apr/2021:13:00:00,338
30/Apr/2021:14:00:00,581
30/Apr/2021:15:00:00,632
30/Apr/2021:16:00:00,850
30/Apr/2021:17:00:00,1002
30/Apr/2021:18:00:00,974
30/Apr/2021:19:00:00,1185
30/Apr/2021:20:00:00,1102
30/Apr/2021:21:00:00,674
30/Apr/2021:22:00:00,915
30/Apr/2021:23:00:00,980
01/May/2021:00:00:00,593
01/May/2021:01:00:00,689
01/May/2021:02:00:00,707
01/May/2021:03:00:00,265
01/May/2021:04:00:00,560
01/May/2021:05:00:00,280
01/May/2021:06:00:00,536
01/May/2021:07:00:00,336
01/May/2021:08:00:00,512
01/May/2021:09:00:00,192
01/May/2021:10:00:00,361
01/May/2021:11:00:00,546
01/May/2021:12:00:00,271
01/May/2021:13:00:00,770
01/May/2021:14:00:00,501
01/May/2021:15:00:00,329
01/May/2021:16:00:00,1265
01/May/2021:17:00:00,337
01/May/2021:18:00:00,332
01/May/2021:19:00:00,2675
01/May/2021:20:00:00,668
01/May/2021:21:00:00,384
01/May/2021:22:00:00,360
01/May/2021:23:00:00,1082
02/May/2021:00:00:00,2626
02/May/2021:01:00:00,627
02/May/2021:02:00:00,485
02/May/2021:03:00:00,24
02/May/2021:04:00:00,447
02/May/2021:05:00:00,16
02/May/2021:06:00:00,40
02/May/2021:07:00:00,24
02/May/2021:08:00:00,52
02/May/2021:09:00:00,32
02/May/2021:10:00:00,28
02/May/2021:11:00:00,114
02/May/2021:12:00:00,115
02/May/2021:13:00:00,398
02/May/2021:14:00:00,85
02/May/2021:15:00:00,329
02/May/2021:16:00:00,186
02/May/2021:17:00:00,771
02/May/2021:18:00:00,416
02/May/2021:19:00:00,362
02/May/2021:20:00:00,148
02/May/2021:21:00:00,326
02/May/2021:22:00:00,404
02/May/2021:23:00:00,114
03/May/2021:00:00:00,82
03/May/2021:01:00:00,151
03/May/2021:02:00:00,632
03/May/2021:03:00:00,20
03/May/2021:04:00:00,41
03/May/2021:05:00:00,36
03/May/2021:06:00:00,0
03/May/2021:07:00:00,4
03/May/2021:08:00:00,441
03/May/2021:09:00:00,857
03/May/2021:10:00:00,878
03/May/2021:11:00:00,692
03/May/2021:12:00:00,952
03/May/2021:13:00:00,715
03/May/2021:14:00:00,521
03/May/2021:15:00:00,750
03/May/2021:16:00:00,1274
03/May/2021:17:00:00,1356
03/May/2021:18:00:00,1370
03/May/2021:19:00:00,904
03/May/2021:20:00:00,656
03/May/2021:21:00:00,20
03/May/2021:22:00:00,0
03/May/2021:23:00:00,4
04/May/2021:00:00:00,34
04/May/2021:01:00:00,54
04/May/2021:02:00:00,28
04/May/2021:03:00:00,0
04/May/2021:04:00:00,0
04/May/2021:05:00:00,136
04/May/2021:06:00:00,0
04/May/2021:07:00:00,0
04/May/2021:08:00:00,0
04/May/2021:09:00:00,91
04/May/2021:10:00:00,44
04/May/2021:11:00:00,8
04/May/2021:12:00:00,66
04/May/2021:13:00:00,98
04/May/2021:14:00:00,141
04/May/2021:15:00:00,45
04/May/2021:16:00:00,174
04/May/2021:17:00:00,36
04/May/2021:18:00:00,74
04/May/2021:19:00:00,8
04/May/2021:20:00:00,0
04/May/2021:21:00:00,0
04/May/2021:22:00:00,50
04/May/2021:23:00:00,135
05/May/2021:00:00:00,111
05/May/2021:01:00:00,7
05/May/2021:02:00:00,25
05/May/2021:03:00:00,22
05/May/2021:04:00:00,10
05/May/2021:05:00:00,2
05/May/2021:06:00:00,1
05/May/2021:07:00:00,0
05/May/2021:08:00:00,80
05/May/2021:09:00:00,33
05/May/2021:10:00:00,80
05/May/2021:11:00:00,40
05/May/2021:12:00:00,78
05/May/2021:13:00:00,1
05/May/2021:14:00:00,64
05/May/2021:15:00:00,312
05/May/2021:16:00:00,30
05/May/2021:17:00:00,22
05/May/2021:18:00:00,0
05/May/2021:19:00:00,40
05/May/2021:20:00:00,130
05/May/2021:21:00:00,50
05/May/2021:22:00:00,30
05/May/2021:23:00:00,0
06/May/2021:00:00:00,43
06/May/2021:01:00:00,21
06/May/2021:02:00:00,398
06/May/2021:03:00:00,20
06/May/2021:04:00:00,80
06/May/2021:05:00:00,0
06/May/2021:06:00:00,0
06/May/2021:07:00:00,0
06/May/2021:08:00:00,40
06/May/2021:09:00:00,4
06/May/2021:10:00:00,2
06/May/2021:11:00:00,12
06/May/2021:12:00:00,0
06/May/2021:13:00:00,564
06/May/2021:14:00:00,45
06/May/2021:15:00:00,9
06/May/2021:16:00:00,24
06/May/2021:17:00:00,537
06/May/2021:18:00:00,20
06/May/2021:19:00:00,22
06/May/2021:20:00:00,41
06/May/2021:21:00:00,0
06/May/2021:22:00:00,40
06/May/2021:23:00:00,23
07/May/2021:00:00:00,0
07/May/2021:01:00:00,20
07/May/2021:02:00:00,14
07/May/2021:03:00:00,44
07/May/2021:04:00:00,36
07/May/2021:05:00:00,4
07/May/2021:06:00:00,20
07/May/2021:07:00:00,3
07/May/2021:08:00:00,0
07/May/2021:09:00:00,40
07/May/2021:10:00:00,0
07/May/2021:11:00:00,20
07/May/2021:12:00:00,0
07/May/2021:13:00:00,20
07/May/2021:14:00:00,82
07/May/2021:15:00:00,40
07/May/2021:16:00:00,21
07/May/2021:17:00:00,80
07/May/2021:18:00:00,3277
07/May/2021:19:00:00,21
07/May/2021:20:00:00,370
07/May/2021:21:00:00,40
07/May/2021:22:00:00,14
07/May/2021:23:00:00,8
08/May/2021:00:00:00,40
08/May/2021:01:00:00,52
08/May/2021:02:00:00,0
08/May/2021:03:00:00,0
08/May/2021:04:00:00,0
08/May/2021:05:00:00,0
08/May/2021:06:00:00,0
08/May/2021:07:00:00,0
08/May/2021:08:00:00,4
08/May/2021:09:00:00,35
08/May/2021:10:00:00,0
08/May/2021:11:00:00,25
08/May/2021:12:00:00,31
08/May/2021:13:00:00,20
08/May/2021:14:00:00,0
08/May/2021:15:00:00,0
08/May/2021:16:00:00,0
08/May/2021:17:00:00,16
08/May/2021:18:00:00,20
08/May/2021:19:00:00,13
08/May/2021:20:00:00,0
08/May/2021:21:00:00,4
08/May/2021:22:00:00,10
08/May/2021:23:00:00,52
09/May/2021:00:00:00,40
09/May/2021:01:00:00,30
09/May/2021:02:00:00,8
09/May/2021:03:00:00,64
09/May/2021:04:00:00,5
09/May/2021:05:00:00,4
09/May/2021:06:00:00,0
09/May/2021:07:00:00,0
09/May/2021:08:00:00,0
09/May/2021:09:00:00,20
09/May/2021:10:00:00,0
09/May/2021:11:00:00,10
09/May/2021:12:00:00,0
09/May/2021:13:00:00,90
09/May/2021:14:00:00,12
09/May/2021:15:00:00,30
09/May/2021:16:00:00,57
09/May/2021:17:00:00,61
09/May/2021:18:00:00,16
09/May/2021:19:00:00,23
09/May/2021:20:00:00,20
09/May/2021:21:00:00,20
09/May/2021:22:00:00,0
09/May/2021:23:00:00,0
10/May/2021:00:00:00,0
10/May/2021:01:00:00,40
10/May/2021:02:00:00,15
10/May/2021:03:00:00,483
10/May/2021:04:00:00,0
10/May/2021:05:00:00,0
10/May/2021:06:00:00,0
10/May/2021:07:00:00,0
10/May/2021:08:00:00,40
10/May/2021:09:00:00,0
10/May/2021:10:00:00,0
10/May/2021:11:00:00,168
10/May/2021:12:00:00,94
10/May/2021:13:00:00,481
10/May/2021:14:00:00,943
10/May/2021:15:00:00,481
10/May/2021:16:00:00,252
10/May/2021:17:00:00,306
10/May/2021:18:00:00,150
10/May/2021:19:00:00,474
10/May/2021:20:00:00,16624
10/May/2021:21:00:00,679
10/May/2021:22:00:00,591
10/May/2021:23:00:00,575
11/May/2021:00:00:00,649
11/May/2021:01:00:00,1629
11/May/2021:02:00:00,2399
11/May/2021:03:00:00,698
11/May/2021:04:00:00,921
11/May/2021:05:00:00,551
11/May/2021:06:00:00,1468
11/May/2021:07:00:00,374
11/May/2021:08:00:00,805
11/May/2021:09:00:00,422
11/May/2021:10:00:00,768
11/May/2021:11:00:00,854
11/May/2021:12:00:00,1280
11/May/2021:13:00:00,1060
11/May/2021:14:00:00,738
11/May/2021:15:00:00,1485
11/May/2021:16:00:00,1587
11/May/2021:17:00:00,1578
11/May/2021:18:00:00,863
11/May/2021:19:00:00,583
11/May/2021:20:00:00,324
11/May/2021:21:00:00,1156
11/May/2021:22:00:00,2018
11/May/2021:23:00:00,619
12/May/2021:00:00:00,1328
12/May/2021:01:00:00,315
12/May/2021:02:00:00,1373
12/May/2021:03:00:00,510
12/May/2021:04:00:00,568
12/May/2021:05:00:00,648
12/May/2021:06:00:00,184
12/May/2021:07:00:00,210
12/May/2021:08:00:00,419
12/May/2021:09:00:00,994
12/May/2021:10:00:00,357
12/May/2021:11:00:00,606
12/May/2021:12:00:00,6936
12/May/2021:13:00:00,693
12/May/2021:14:00:00,718
12/May/2021:15:00:00,931
12/May/2021:16:00:00,1912
12/May/2021:17:00:00,872
12/May/2021:18:00:00,803
12/May/2021:19:00:00,2534
12/May/2021:20:00:00,2161
12/May/2021:21:00:00,696
12/May/2021:22:00:00,358
12/May/2021:23:00:00,780
13/May/2021:00:00:00,1775
13/May/2021:01:00:00,1980
13/May/2021:02:00:00,465
13/May/2021:03:00:00,675
13/May/2021:04:00:00,2725
13/May/2021:05:00:00,490
13/May/2021:06:00:00,864
13/May/2021:07:00:00,788
13/May/2021:08:00:00,757
13/May/2021:09:00:00,808
13/May/2021:10:00:00,1193
13/May/2021:11:00:00,1197
13/May/2021:12:00:00,2657
13/May/2021:13:00:00,1809
13/May/2021:14:00:00,1487
13/May/2021:15:00:00,2117
13/May/2021:16:00:00,1069
13/May/2021:17:00:00,1209
13/May/2021:18:00:00,1169
13/May/2021:19:00:00,878
13/May/2021:20:00:00,943
13/May/2021:21:00:00,1316
13/May/2021:22:00:00,369
13/May/2021:23:00:00,386
14/May/2021:00:00:00,622
14/May/2021:01:00:00,1576
14/May/2021:02:00:00,362
14/May/2021:03:00:00,114
14/May/2021:04:00:00,108
14/May/2021:05:00:00,29
14/May/2021:06:00:00,237
14/May/2021:07:00:00,15
14/May/2021:08:00:00,60
14/May/2021:09:00:00,614
14/May/2021:10:00:00,341
14/May/2021:11:00:00,8729
14/May/2021:12:00:00,924
14/May/2021:13:00:00,64
14/May/2021:14:00:00,771
14/May/2021:15:00:00,380
14/May/2021:16:00:00,240
14/May/2021:17:00:00,470
14/May/2021:18:00:00,598
14/May/2021:19:00:00,348
14/May/2021:20:00:00,2042
14/May/2021:21:00:00,66
14/May/2021:22:00:00,178
14/May/2021:23:00:00,604
15/May/2021:00:00:00,884
15/May/2021:01:00:00,1463
15/May/2021:02:00:00,795
15/May/2021:03:00:00,429
15/May/2021:04:00:00,40
15/May/2021:05:00:00,126
15/May/2021:06:00:00,36
15/May/2021:07:00:00,156
15/May/2021:08:00:00,119
15/May/2021:09:00:00,501
15/May/2021:10:00:00,194
15/May/2021:11:00:00,496
15/May/2021:12:00:00,560
15/May/2021:13:00:00,1166
15/May/2021:14:00:00,779
15/May/2021:15:00:00,173
15/May/2021:16:00:00,446
15/May/2021:17:00:00,235
15/May/2021:18:00:00,1174
15/May/2021:19:00:00,1177
15/May/2021:20:00:00,1002
15/May/2021:21:00:00,549
15/May/2021:22:00:00,329
15/May/2021:23:00:00,156
16/May/2021:00:00:00,1126
16/May/2021:01:00:00,682
16/May/2021:02:00:00,409
16/May/2021:03:00:00,4781
16/May/2021:04:00:00,82
16/May/2021:05:00:00,1
16/May/2021:06:00:00,0
16/May/2021:07:00:00,43
16/May/2021:08:00:00,4
16/May/2021:09:00:00,28
16/May/2021:10:00:00,786
16/May/2021:11:00:00,857
16/May/2021:12:00:00,78
16/May/2021:13:00:00,1474
16/May/2021:14:00:00,122
16/May/2021:15:00:00,732
16/May/2021:16:00:00,535
16/May/2021:17:00:00,417
16/May/2021:18:00:00,1654
16/May/2021:19:00:00,880
16/May/2021:20:00:00,153
16/May/2021:21:00:00,481
16/May/2021:22:00:00,188
16/May/2021:23:00:00,120
17/May/2021:00:00:00,182
17/May/2021:01:00:00,380
17/May/2021:02:00:00,179
17/May/2021:03:00:00,346
17/May/2021:04:00:00,6
17/May/2021:05:00:00,54
17/May/2021:06:00:00,100
17/May/2021:07:00:00,42
17/May/2021:08:00:00,16
17/May/2021:09:00:00,55
17/May/2021:10:00:00,180
17/May/2021:11:00:00,582
17/May/2021:12:00:00,268
17/May/2021:13:00:00,807
17/May/2021:14:00:00,693
17/May/2021:15:00:00,334
17/May/2021:16:00:00,143
17/May/2021:17:00:00,759
17/May/2021:18:00:00,723
17/May/2021:19:00:00,544
17/May/2021:20:00:00,614
17/May/2021:21:00:00,486
17/May/2021:22:00:00,312
17/May/2021:23:00:00,843
18/May/2021:00:00:00,924
18/May/2021:01:00:00,547
18/May/2021:02:00:00,440
18/May/2021:03:00:00,882
18/May/2021:04:00:00,457
18/May/2021:05:00:00,228
18/May/2021:06:00:00,0
18/May/2021:07:00:00,44
18/May/2021:08:00:00,143
18/May/2021:09:00:00,188
18/May/2021:10:00:00,488
18/May/2021:11:00:00,2531
18/May/2021:12:00:00,1016
18/May/2021:13:00:00,957
18/May/2021:14:00:00,748
18/May/2021:15:00:00,2621
18/May/2021:16:00:00,727
18/May/2021:17:00:00,316
18/May/2021:18:00:00,1467
18/May/2021:19:00:00,789
18/May/2021:20:00:00,356
18/May/2021:21:00:00,446
18/May/2021:22:00:00,1365
18/May/2021:23:00:00,1815
19/May/2021:00:00:00,3665
19/May/2021:01:00:00,510
19/May/2021:02:00:00,342
19/May/2021:03:00:00,127
19/May/2021:04:00:00,2336
19/May/2021:05:00:00,90
19/May/2021:06:00:00,0
19/May/2021:07:00:00,1
19/May/2021:08:00:00,654
19/May/2021:09:00:00,369
19/May/2021:10:00:00,121
19/May/2021:11:00:00,825
19/May/2021:12:00:00,627
19/May/2021:13:00:00,335
19/May/2021:14:00:00,395
19/May/2021:15:00:00,426
19/May/2021:16:00:00,525
19/May/2021:17:00:00,414
19/May/2021:18:00:00,373
19/May/2021:19:00:00,646
19/May/2021:20:00:00,526
19/May/2021:21:00:00,165
19/May/2021:22:00:00,240
19/May/2021:23:00:00,428
20/May/2021:00:00:00,64
20/May/2021:01:00:00,0
20/May/2021:02:00:00,0
20/May/2021:03:00:00,0
20/May/2021:04:00:00,0
20/May/2021:05:00:00,0
20/May/2021:06:00:00,0
20/May/2021:07:00:00,0
20/May/2021:08:00:00,0
20/May/2021:09:00:00,0
20/May/2021:10:00:00,10
20/May/2021:11:00:00,12
20/May/2021:12:00:00,0
20/May/2021:13:00:00,12
20/May/2021:14:00:00,17
20/May/2021:15:00:00,4
20/May/2021:16:00:00,4
20/May/2021:17:00:00,5
20/May/2021:18:00:00,20
20/May/2021:19:00:00,5806
20/May/2021:20:00:00,6025
20/May/2021:21:00:00,1136
20/May/2021:22:00:00,483
20/May/2021:23:00:00,850
21/May/2021:00:00:00,437
21/May/2021:01:00:00,521
21/May/2021:02:00:00,1232
21/May/2021:03:00:00,264
21/May/2021:04:00:00,752
21/May/2021:05:00:00,165
21/May/2021:06:00:00,296
21/May/2021:07:00:00,2628
21/May/2021:08:00:00,139
21/May/2021:09:00:00,372
21/May/2021:10:00:00,235
21/May/2021:11:00:00,3849
21/May/2021:12:00:00,1405
21/May/2021:13:00:00,224
21/May/2021:14:00:00,206
21/May/2021:15:00:00,559
21/May/2021:16:00:00,417
21/May/2021:17:00:00,1028
21/May/2021:18:00:00,296
21/May/2021:19:00:00,273
21/May/2021:20:00:00,156
21/May/2021:21:00:00,108
21/May/2021:22:00:00,444
21/May/2021:23:00:00,588
22/May/2021:00:00:00,804
22/May/2021:01:00:00,812
22/May/2021:02:00:00,426
22/May/2021:03:00:00,124
22/May/2021:04:00:00,237
22/May/2021:05:00:00,1281
22/May/2021:06:00:00,166
22/May/2021:07:00:00,136
22/May/2021:08:00:00,2894
22/May/2021:09:00:00,192
22/May/2021:10:00:00,252
22/May/2021:11:00:00,392
22/May/2021:12:00:00,2753
22/May/2021:13:00:00,698
22/May/2021:14:00:00,240
22/May/2021:15:00:00,1465
22/May/2021:16:00:00,260
22/May/2021:17:00:00,307
22/May/2021:18:00:00,658
22/May/2021:19:00:00,3406
22/May/2021:20:00:00,840
22/May/2021:21:00:00,932
22/May/2021:22:00:00,1945
22/May/2021:23:00:00,438
23/May/2021:00:00:00,1361
23/May/2021:01:00:00,856
23/May/2021:02:00:00,306
23/May/2021:03:00:00,483
23/May/2021:04:00:00,560
23/May/2021:05:00:00,196
23/May/2021:06:00:00,44
23/May/2021:07:00:00,305
23/May/2021:08:00:00,32
23/May/2021:09:00:00,126
23/May/2021:10:00:00,286
23/May/2021:11:00:00,507
23/May/2021:12:00:00,705
23/May/2021:13:00:00,548
23/May/2021:14:00:00,273
23/May/2021:15:00:00,250
23/May/2021:16:00:00,648
23/May/2021:17:00:00,865
23/May/2021:18:00:00,141
23/May/2021:19:00:00,458
23/May/2021:20:00:00,534
23/May/2021:21:00:00,411
23/May/2021:22:00:00,551
23/May/2021:23:00:00,1416
24/May/2021:00:00:00,744
24/May/2021:01:00:00,443
24/May/2021:02:00:00,216
24/May/2021:03:00:00,347
24/May/2021:04:00:00,128
24/May/2021:05:00:00,64
24/May/2021:06:00:00,288
24/May/2021:07:00:00,20
24/May/2021:08:00:00,52
24/May/2021:09:00:00,151
24/May/2021:10:00:00,189
24/May/2021:11:00:00,533
24/May/2021:12:00:00,623
24/May/2021:13:00:00,498
24/May/2021:14:00:00,348
24/May/2021:15:00:00,1236
24/May/2021:16:00:00,284
24/May/2021:17:00:00,1792
24/May/2021:18:00:00,695
24/May/2021:19:00:00,329
24/May/2021:20:00:00,534
24/May/2021:21:00:00,302
24/May/2021:22:00:00,803
24/May/2021:23:00:00,711
25/May/2021:00:00:00,809
25/May/2021:01:00:00,1062
25/May/2021:02:00:00,1250
25/May/2021:03:00:00,718
25/May/2021:04:00:00,50
25/May/2021:05:00:00,32
25/May/2021:06:00:00,384
25/May/2021:07:00:00,0
25/May/2021:08:00:00,67
25/May/2021:09:00:00,65
25/May/2021:10:00:00,415
25/May/2021:11:00:00,1193
25/May/2021:12:00:00,897
25/May/2021:13:00:00,440
25/May/2021:14:00:00,1931
25/May/2021:15:00:00,1747
25/May/2021:16:00:00,838
25/May/2021:17:00:00,1018
25/May/2021:18:00:00,1026
25/May/2021:19:00:00,581
25/May/2021:20:00:00,149
25/May/2021:21:00:00,62
25/May/2021:22:00:00,376
25/May/2021:23:00:00,2228
26/May/2021:00:00:00,536
26/May/2021:01:00:00,522
26/May/2021:02:00:00,2307
26/May/2021:03:00:00,305
26/May/2021:04:00:00,196
26/May/2021:05:00:00,216
26/May/2021:06:00:00,312
26/May/2021:07:00:00,361
26/May/2021:08:00:00,184
26/May/2021:09:00:00,402
26/May/2021:10:00:00,357
26/May/2021:11:00:00,382
26/May/2021:12:00:00,957
26/May/2021:13:00:00,1390
26/May/2021:14:00:00,712
26/May/2021:15:00:00,1365
26/May/2021:16:00:00,886
26/May/2021:17:00:00,375
26/May/2021:18:00:00,953
26/May/2021:19:00:00,829
26/May/2021:20:00:00,2561
26/May/2021:21:00:00,1884
26/May/2021:22:00:00,429
26/May/2021:23:00:00,437
27/May/2021:00:00:00,356
27/May/2021:01:00:00,446
27/May/2021:02:00:00,607
27/May/2021:03:00:00,1808
27/May/2021:04:00:00,1988
27/May/2021:05:00:00,1609
27/May/2021:06:00:00,112
27/May/2021:07:00:00,1580
27/May/2021:08:00:00,44
27/May/2021:09:00:00,141
27/May/2021:10:00:00,1556
27/May/2021:11:00:00,417
27/May/2021:12:00:00,702
27/May/2021:13:00:00,1556
27/May/2021:14:00:00,911
27/May/2021:15:00:00,281
27/May/2021:16:00:00,1681
27/May/2021:17:00:00,5125
27/May/2021:18:00:00,304
27/May/2021:19:00:00,547
27/May/2021:20:00:00,492
27/May/2021:21:00:00,657
27/May/2021:22:00:00,1315
27/May/2021:23:00:00,1795
28/May/2021:00:00:00,136
28/May/2021:01:00:00,5220
28/May/2021:02:00:00,260
28/May/2021:03:00:00,194
28/May/2021:04:00:00,119
28/May/2021:05:00:00,69
28/May/2021:06:00:00,92
28/May/2021:07:00:00,200
28/May/2021:08:00:00,184
28/May/2021:09:00:00,71
28/May/2021:10:00:00,257
28/May/2021:11:00:00,543
28/May/2021:12:00:00,253
28/May/2021:13:00:00,560
28/May/2021:14:00:00,22977
28/May/2021:15:00:00,271
28/May/2021:16:00:00,172
28/May/2021:17:00:00,202
28/May/2021:18:00:00,114
28/May/2021:19:00:00,605
28/May/2021:20:00:00,471
28/May/2021:21:00:00,120
28/May/2021:22:00:00,252
28/May/2021:23:00:00,416
29/May/2021:00:00:00,125
29/May/2021:01:00:00,89
29/May/2021:02:00:00,76
29/May/2021:03:00:00,286
29/May/2021:04:00:00,415
29/May/2021:05:00:00,80
29/May/2021:06:00:00,64
29/May/2021:07:00:00,36
29/May/2021:08:00:00,32
29/May/2021:09:00:00,201
29/May/2021:10:00:00,344
29/May/2021:11:00:00,442
29/May/2021:12:00:00,518
29/May/2021:13:00:00,85
29/May/2021:14:00:00,339
29/May/2021:15:00:00,587
29/May/2021:16:00:00,458
29/May/2021:17:00:00,408
29/May/2021:18:00:00,131
29/May/2021:19:00:00,127
29/May/2021:20:00:00,2354
29/May/2021:21:00:00,92
29/May/2021:22:00:00,180
29/May/2021:23:00:00,163
30/May/2021:00:00:00,556
30/May/2021:01:00:00,738
30/May/2021:02:00:00,863
30/May/2021:03:00:00,57
30/May/2021:04:00:00,333
30/May/2021:05:00:00,112
30/May/2021:06:00:00,112
30/May/2021:07:00:00,28
30/May/2021:08:00:00,48
30/May/2021:09:00:00,138
30/May/2021:10:00:00,57
30/May/2021:11:00:00,741
30/May/2021:12:00:00,1035
30/May/2021:13:00:00,192
30/May/2021:14:00:00,348
30/May/2021:15:00:00,419
30/May/2021:16:00:00,488
30/May/2021:17:00:00,437
30/May/2021:18:00:00,681
30/May/2021:19:00:00,271
30/May/2021:20:00:00,1083
30/May/2021:21:00:00,848
30/May/2021:22:00:00,1311
30/May/2021:23:00:00,326
31/May/2021:00:00:00,484
31/May/2021:01:00:00,3487
31/May/2021:02:00:00,44
31/May/2021:03:00:00,367
31/May/2021:04:00:00,88
31/May/2021:05:00:00,140
31/May/2021:06:00:00,72
31/May/2021:07:00:00,198
31/May/2021:08:00:00,92
31/May/2021:09:00:00,286
31/May/2021:10:00:00,199
31/May/2021:11:00:00,274
31/May/2021:12:00:00,159
31/May/2021:13:00:00,433
31/May/2021:14:00:00,442
31/May/2021:15:00:00,816
31/May/2021:16:00:00,228
31/May/2021:17:00:00,622
31/May/2021:18:00:00,620
31/May/2021:19:00:00,496
31/May/2021:20:00:00,685
31/May/2021:21:00:00,36
31/May/2021:22:00:00,440
31/May/2021:23:00:00,524
01/Jun/2021:00:00:00,70
01/Jun/2021:01:00:00,80
01/Jun/2021:02:00:00,80
01/Jun/2021:03:00:00,240
01/Jun/2021:04:00:00,96
01/Jun/2021:05:00:00,56
01/Jun/2021:06:00:00,40
01/Jun/2021:07:00:00,4
01/Jun/2021:08:00:00,74
01/Jun/2021:09:00:00,70
01/Jun/2021:10:00:00,340
01/Jun/2021:11:00:00,581
01/Jun/2021:12:00:00,787
01/Jun/2021:13:00:00,548
01/Jun/2021:14:00:00,188
01/Jun/2021:15:00:00,44
01/Jun/2021:16:00:00,237
01/Jun/2021:17:00:00,519
01/Jun/2021:18:00:00,225
01/Jun/2021:19:00:00,356
01/Jun/2021:20:00:00,150
01/Jun/2021:21:00:00,65
01/Jun/2021:22:00:00,52
01/Jun/2021:23:00:00,117
02/Jun/2021:00:00:00,240
02/Jun/2021:01:00:00,465
02/Jun/2021:02:00:00,400
02/Jun/2021:03:00:00,209
02/Jun/2021:04:00:00,72
02/Jun/2021:05:00:00,49
02/Jun/2021:06:00:00,0
02/Jun/2021:07:00:00,41
02/Jun/2021:08:00:00,58
02/Jun/2021:09:00:00,60
02/Jun/2021:10:00:00,113
02/Jun/2021:11:00:00,590
02/Jun/2021:12:00:00,365
02/Jun/2021:13:00:00,159
02/Jun/2021:14:00:00,366
02/Jun/2021:15:00:00,66
02/Jun/2021:16:00:00,257
02/Jun/2021:17:00:00,429
02/Jun/2021:18:00:00,638
02/Jun/2021:19:00:00,41
02/Jun/2021:20:00:00,180
02/Jun/2021:21:00:00,121
02/Jun/2021:22:00:00,180
02/Jun/2021:23:00:00,100
03/Jun/2021:00:00:00,243
03/Jun/2021:01:00:00,181
03/Jun/2021:02:00:00,301
03/Jun/2021:03:00:00,0
03/Jun/2021:04:00:00,0
03/Jun/2021:05:00:00,40
03/Jun/2021:06:00:00,0
03/Jun/2021:07:00:00,0
03/Jun/2021:08:00:00,20
03/Jun/2021:09:00:00,12
03/Jun/2021:10:00:00,60
03/Jun/2021:11:00:00,196
03/Jun/2021:12:00:00,206
03/Jun/2021:13:00:00,680
03/Jun/2021:14:00:00,74
03/Jun/2021:15:00:00,316
03/Jun/2021:16:00:00,676
03/Jun/2021:17:00:00,213
03/Jun/2021:18:00:00,310
03/Jun/2021:19:00:00,65
03/Jun/2021:20:00:00,133
03/Jun/2021:21:00:00,16
03/Jun/2021:22:00:00,17
03/Jun/2021:23:00:00,960
04/Jun/2021:00:00:00,368
04/Jun/2021:01:00:00,307
04/Jun/2021:02:00:00,260
04/Jun/2021:03:00:00,20
04/Jun/2021:04:00:00,0
04/Jun/2021:05:00:00,180
04/Jun/2021:06:00:00,0
04/Jun/2021:07:00:00,22780
04/Jun/2021:08:00:00,0
04/Jun/2021:09:00:00,39
04/Jun/2021:10:00:00,352
04/Jun/2021:11:00:00,32
04/Jun/2021:12:00:00,174
04/Jun/2021:13:00:00,48
04/Jun/2021:14:00:00,96
04/Jun/2021:15:00:00,50
04/Jun/2021:16:00:00,403
04/Jun/2021:17:00:00,472
04/Jun/2021:18:00:00,159
04/Jun/2021:19:00:00,145
04/Jun/2021:20:00:00,300
04/Jun/2021:21:00:00,650
04/Jun/2021:22:00:00,114
04/Jun/2021:23:00:00,237
05/Jun/2021:00:00:00,374
05/Jun/2021:01:00:00,58
05/Jun/2021:02:00:00,0
05/Jun/2021:03:00:00,0
05/Jun/2021:04:00:00,0
05/Jun/2021:05:00:00,0
05/Jun/2021:06:00:00,0
05/Jun/2021:07:00:00,0
05/Jun/2021:08:00:00,0
05/Jun/2021:09:00:00,12
05/Jun/2021:10:00:00,100
05/Jun/2021:11:00:00,1
05/Jun/2021:12:00:00,580
05/Jun/2021:13:00:00,220
05/Jun/2021:14:00:00,209
05/Jun/2021:15:00:00,24
05/Jun/2021:16:00:00,6
05/Jun/2021:17:00:00,0
05/Jun/2021:18:00:00,120
05/Jun/2021:19:00:00,122
05/Jun/2021:20:00:00,350
05/Jun/2021:21:00:00,210
05/Jun/2021:22:00:00,6768
05/Jun/2021:23:00:00,160
06/Jun/2021:00:00:00,261
06/Jun/2021:01:00:00,13
06/Jun/2021:02:00:00,2
06/Jun/2021:03:00:00,0
06/Jun/2021:04:00:00,160
06/Jun/2021:05:00:00,320
06/Jun/2021:06:00:00,0
06/Jun/2021:07:00:00,0
06/Jun/2021:08:00:00,0
06/Jun/2021:09:00:00,41
06/Jun/2021:10:00:00,1661
06/Jun/2021:11:00:00,182
06/Jun/2021:12:00:00,126
06/Jun/2021:13:00:00,6
06/Jun/2021:14:00:00,28
06/Jun/2021:15:00:00,640
06/Jun/2021:16:00:00,0
06/Jun/2021:17:00:00,61
06/Jun/2021:18:00:00,228
06/Jun/2021:19:00:00,120
06/Jun/2021:20:00:00,143
06/Jun/2021:21:00:00,43
06/Jun/2021:22:00:00,286
06/Jun/2021:23:00:00,11
07/Jun/2021:00:00:00,40
07/Jun/2021:01:00:00,136
07/Jun/2021:02:00:00,400
07/Jun/2021:03:00:00,2
07/Jun/2021:04:00:00,0
07/Jun/2021:05:00:00,106
07/Jun/2021:06:00:00,0
07/Jun/2021:07:00:00,100
07/Jun/2021:08:00:00,0
07/Jun/2021:09:00:00,58
07/Jun/2021:10:00:00,387
07/Jun/2021:11:00:00,103
07/Jun/2021:12:00:00,3816
07/Jun/2021:13:00:00,63
07/Jun/2021:14:00:00,444
07/Jun/2021:15:00:00,211
07/Jun/2021:16:00:00,1376
07/Jun/2021:17:00:00,607
07/Jun/2021:18:00:00,224
07/Jun/2021:19:00:00,290
07/Jun/2021:20:00:00,69
07/Jun/2021:21:00:00,376
07/Jun/2021:22:00:00,397
07/Jun/2021:23:00:00,1066
08/Jun/2021:00:00:00,495
08/Jun/2021:01:00:00,209
08/Jun/2021:02:00:00,401
08/Jun/2021:03:00:00,178
08/Jun/2021:04:00:00,163
08/Jun/2021:05:00:00,0
08/Jun/2021:06:00:00,40
08/Jun/2021:07:00:00,0
08/Jun/2021:08:00:00,409
08/Jun/2021:09:00:00,215
08/Jun/2021:10:00:00,998
08/Jun/2021:11:00:00,288
08/Jun/2021:12:00:00,765
08/Jun/2021:13:00:00,439
08/Jun/2021:14:00:00,433
08/Jun/2021:15:00:00,184
08/Jun/2021:16:00:00,274
08/Jun/2021:17:00:00,746
08/Jun/2021:18:00:00,1223
08/Jun/2021:19:00:00,722
08/Jun/2021:20:00:00,6372
08/Jun/2021:21:00:00,400
08/Jun/2021:22:00:00,727
08/Jun/2021:23:00:00,303
09/Jun/2021:00:00:00,424
09/Jun/2021:01:00:00,980
09/Jun/2021:02:00:00,140
09/Jun/2021:03:00:00,342
09/Jun/2021:04:00:00,40
09/Jun/2021:05:00:00,4
09/Jun/2021:06:00:00,0
09/Jun/2021:07:00:00,0
09/Jun/2021:08:00:00,6
09/Jun/2021:09:00:00,35
09/Jun/2021:10:00:00,72
09/Jun/2021:11:00:00,422
09/Jun/2021:12:00:00,207
09/Jun/2021:13:00:00,7602
09/Jun/2021:14:00:00,384
09/Jun/2021:15:00:00,401
09/Jun/2021:16:00:00,642
09/Jun/2021:17:00:00,612
09/Jun/2021:18:00:00,752
09/Jun/2021:19:00:00,706
09/Jun/2021:20:00:00,852
09/Jun/2021:21:00:00,127
09/Jun/2021:22:00:00,406
09/Jun/2021:23:00:00,76
10/Jun/2021:00:00:00,3248
10/Jun/2021:01:00:00,394
10/Jun/2021:02:00:00,82
10/Jun/2021:03:00:00,74
10/Jun/2021:04:00:00,300
10/Jun/2021:05:00:00,120
10/Jun/2021:06:00:00,15
10/Jun/2021:07:00:00,15
10/Jun/2021:08:00:00,0
10/Jun/2021:09:00:00,167
10/Jun/2021:10:00:00,100
10/Jun/2021:11:00:00,378
10/Jun/2021:12:00:00,450
10/Jun/2021:13:00:00,412
10/Jun/2021:14:00:00,177
10/Jun/2021:15:00:00,1055
10/Jun/2021:16:00:00,480
10/Jun/2021:17:00:00,685
10/Jun/2021:18:00:00,899
10/Jun/2021:19:00:00,475
10/Jun/2021:20:00:00,226
10/Jun/2021:21:00:00,123
10/Jun/2021:22:00:00,898
10/Jun/2021:23:00:00,25
11/Jun/2021:00:00:00,269
11/Jun/2021:01:00:00,341
11/Jun/2021:02:00:00,748
11/Jun/2021:03:00:00,161
11/Jun/2021:04:00:00,75
11/Jun/2021:05:00:00,1
11/Jun/2021:06:00:00,215
11/Jun/2021:07:00:00,5881
11/Jun/2021:08:00:00,0
11/Jun/2021:09:00:00,14
11/Jun/2021:10:00:00,127
11/Jun/2021:11:00:00,103
11/Jun/2021:12:00:00,659
11/Jun/2021:13:00:00,5936
11/Jun/2021:14:00:00,226
11/Jun/2021:15:00:00,718
11/Jun/2021:16:00:00,311
11/Jun/2021:17:00:00,401
11/Jun/2021:18:00:00,734
11/Jun/2021:19:00:00,418
11/Jun/2021:20:00:00,131
11/Jun/2021:21:00:00,253
11/Jun/2021:22:00:00,188
11/Jun/2021:23:00:00,659
12/Jun/2021:00:00:00,1237
12/Jun/2021:01:00:00,478
12/Jun/2021:02:00:00,210
12/Jun/2021:03:00:00,1
12/Jun/2021:04:00:00,211
12/Jun/2021:05:00:00,2
12/Jun/2021:06:00:00,509
12/Jun/2021:07:00:00,0
12/Jun/2021:08:00:00,163
12/Jun/2021:09:00:00,7
12/Jun/2021:10:00:00,9
12/Jun/2021:11:00:00,58
12/Jun/2021:12:00:00,423
12/Jun/2021:13:00:00,428
12/Jun/2021:14:00:00,183
12/Jun/2021:15:00:00,498
12/Jun/2021:16:00:00,414
12/Jun/2021:17:00:00,630
12/Jun/2021:18:00:00,147
12/Jun/2021:19:00:00,85
12/Jun/2021:20:00:00,53
12/Jun/2021:21:00:00,75
12/Jun/2021:22:00:00,624
12/Jun/2021:23:00:00,439
13/Jun/2021:00:00:00,580
13/Jun/2021:01:00:00,141
13/Jun/2021:02:00:00,864
13/Jun/2021:03:00:00,48
13/Jun/2021:04:00:00,65
13/Jun/2021:05:00:00,0
13/Jun/2021:06:00:00,0
13/Jun/2021:07:00:00,0
13/Jun/2021:08:00:00,24
13/Jun/2021:09:00:00,566
13/Jun/2021:10:00:00,130
13/Jun/2021:11:00:00,434
13/Jun/2021:12:00:00,145
13/Jun/2021:13:00:00,699
13/Jun/2021:14:00:00,773
13/Jun/2021:15:00:00,1435
13/Jun/2021:16:00:00,210
13/Jun/2021:17:00:00,148
13/Jun/2021:18:00:00,436
13/Jun/2021:19:00:00,406
13/Jun/2021:20:00:00,281
13/Jun/2021:21:00:00,117
13/Jun/2021:22:00:00,244
13/Jun/2021:23:00:00,610
14/Jun/2021:00:00:00,373
14/Jun/2021:01:00:00,730
14/Jun/2021:02:00:00,150
14/Jun/2021:03:00:00,473
14/Jun/2021:04:00:00,39
14/Jun/2021:05:00:00,112
14/Jun/2021:06:00:00,0
14/Jun/2021:07:00:00,1
14/Jun/2021:08:00:00,120
